alias,code
ユニクロ,9983
ジーユー,9983
GU,9983
ホンダ,7267
Honda,7267
JR東日本,9020
JR東海,9022
JR西日本,9021
JR九州,9142
日本電信電話,9432
エヌ・ティ・ティ,9432
JAL,9201
日航,9201
ANA,9202
全日空,9202
MUFG,8306
三菱UFJ銀行,8306
SMBC,8316
三井住友銀行,8316
みずほ銀行,8411
ディズニー,4661
ディズニーランド,4661
東京ディズニーリゾート,4661
無印,7453
無印良品,7453
セブンイレブン,3382
セブン-イレブン,3382
セブン,3382
マクドナルド,2702
マック,2702
マクド,2702
au,9433
キャノン,7751
富士フィルム,4901
ブリジストン,5108
キューピー,2809
すき家,7550
なか卯,7550
ガスト,3197
バーミヤン,3197
スシロー,3563
ヤマト運輸,9064
クロネコヤマト,9064
佐川急便,9143
佐川,9143
大丸,3086
松坂屋,3086
ヤマダ電機,9831
ケーズデンキ,8282
ドンキ,7532
ドン・キホーテ,7532
ドンキホーテ,7532
アサヒビール,2502
キリンビール,2503
サッポロホールディングス,2501
サントリー,2587
サントリー食品,2587
関電,9503
東電,9501
東京電力,9501
野村證券,8604
野村証券,8604
SBI証券,8473
日本郵便,6178
郵便局,6178
大塚製薬,4578
ユニチャーム,8113
JT,2914
東エレク,8035
新日鐵,5401
新日鉄,5401
スバル,7270
ニッサン,7201
ソニー,6758
ヤフー,4689
伊勢丹,3099
三越,3099
