name,code,market
極洋,1301,プライム
Veritas In Silico,130A,グロース
ニッスイ,1332,プライム
Umios,1333,プライム
VRAIN Solution,135A,グロース
ユキグニファクトリー,1375,プライム
カネコ種苗,1376,スタンダード
サカタのタネ,1377,プライム
ホクト,1379,プライム
Cocolive,137A,グロース
秋川牧園,1380,スタンダード
アクシーズ,1381,スタンダード
ホーブ,1382,スタンダード
ベルグアース,1383,スタンダード
ホクリヨウ,1384,スタンダード
光フードサービス,138A,グロース
エムビーエス,1401,グロース
ウエストホールディングス,1407,スタンダード
ショーボンドホールディングス,1414,プライム
ミライト・ワン,1417,プライム
インターライフホールディングス,1418,スタンダード
タマホーム,1419,プライム
トライアルホールディングス,141A,グロース
サンヨーホームズ,1420,スタンダード
日本アクア,1429,プライム
ジンジブ,142A,グロース
ファーストコーポレーション,1430,スタンダード
Lib Work,1431,グロース
ベステラ,1433,プライム
JESCOホールディングス,1434,スタンダード
robot home,1435,スタンダード
グリーンエナジー&カンパニー,1436,グロース
岐阜造園,1438,スタンダード
イシン,143A,グロース
技研ホールディングス,1443,スタンダード
ニッソウ,1444,グロース
キャンディル,1446,スタンダード
SAAFホールディングス,1447,グロース
TANAKEN,1450,スタンダード
L is B,145A,グロース
コロンビア・ワークス,146A,スタンダード
ソラコム,147A,グロース
ハッチ・ワーク,148A,グロース
中外鉱業,1491,スタンダード
シンカ,149A,グロース
JSH,150A,グロース
住石ホールディングス,1514,スタンダード
日鉄鉱業,1515,プライム
三井松島ホールディングス,1518,プライム
ダイブグループ,151A,グロース
カウリス,153A,グロース
情報戦略テクノロジー,155A,グロース
マテリアルグループ,156A,グロース
グリーンモンスター,157A,グロース
INPEX,1605,プライム
アズパートナーズ,160A,スタンダード
石油資源開発,1662,プライム
K&Oエナジーグループ,1663,プライム
タスキホールディングス,166A,プライム
リョーサン菱洋ホールディングス,167A,プライム
イタミアート,168A,グロース
SDSホールディングス,1711,スタンダード
第一カッター興業,1716,スタンダード
明豊ファシリティワークス,1717,スタンダード
美樹工業,1718,スタンダード
安藤・間,1719,プライム
東急建設,1720,プライム
コムシスホールディングス,1721,プライム
日本電技,1723,スタンダード
シンクレイヤ,1724,スタンダード
オーテック,1736,スタンダード
ハンモック,173A,グロース
太洋基礎工業,1758,スタンダード
Will Smart,175A,グロース
高松コンストラクショングループ,1762,プライム
工藤建設,1764,スタンダード
東建コーポレーション,1766,プライム
ソネック,1768,スタンダード
藤田エンジニアリング,1770,スタンダード
ワイ・ティー・エル・コーポレーション・バーハッド,1773,プライム（外国株式）
コージンバイオ,177A,グロース
ヤマウラ,1780,プライム
fantasista,1783,スタンダード
オリエンタル白石,1786,プライム
ナカボーテック,1787,スタンダード
三東工業社,1788,スタンダード
大本組,1793,スタンダード
マサル,1795,スタンダード
守谷商会,1798,スタンダード
第一建設工業,1799,スタンダード
大成建設,1801,プライム
大林組,1802,プライム
清水建設,1803,プライム
佐藤渡辺,1807,スタンダード
長谷工コーポレーション,1808,プライム
松井建設,1810,スタンダード
錢高組,1811,スタンダード
鹿島建設,1812,プライム
不動テトラ,1813,プライム
大末建設,1814,プライム
鉄建建設,1815,プライム
西松建設,1820,プライム
大豊建設,1822,スタンダード
佐田建設,1826,スタンダード
ナカノフドー建設,1827,スタンダード
田辺工業,1828,スタンダード
奥村組,1833,プライム
東鉄工業,1835,プライム
土屋ホールディングス,1840,スタンダード
大盛工業,1844,スタンダード
イチケン,1847,スタンダード
富士ピー・エス,1848,スタンダード
学びエイド,184A,グロース
南海辰村建設,1850,スタンダード
淺沼組,1852,プライム
森組,1853,スタンダード
戸田建設,1860,プライム
熊谷組,1861,プライム
北野建設,1866,スタンダード
植木組,1867,スタンダード
アストロスケールホールディングス,186A,グロース
矢作建設工業,1870,プライム
ピーエス・コンストラクション,1871,プライム
日本ハウスホールディングス,1873,プライム
大東建託,1878,プライム
新日本建設,1879,プライム
東亜道路工業,1882,プライム
東亜建設工業,1885,プライム
日本国土開発,1887,プライム
若築建設,1888,プライム
五洋建設,1893,プライム
金下建設,1897,スタンダード
世紀東急工業,1898,プライム
福田組,1899,プライム
D&Mカンパニー,189A,グロース
大成温調,1904,スタンダード
テノックス,1905,スタンダード
日本ドライケミカル,1909,スタンダード
Chordia Therapeutics,190A,グロース
住友林業,1911,プライム
日本基礎技術,1914,スタンダード
巴コーポレーション,1921,スタンダード
大和ハウス工業,1925,プライム
ライト工業,1926,プライム
積水ハウス,1928,プライム
日特建設,1929,プライム
インテグループ,192A,グロース
北陸電気工事,1930,プライム
ユアテック,1934,プライム
日本リーテック,1938,プライム
四電工,1939,プライム
中電工,1941,プライム
関電工,1942,プライム
きんでん,1944,プライム
東京エネシス,1945,プライム
トーエネック,1946,プライム
弘電社,1948,スタンダード
WOLVES HAND,194A,グロース
日本電設工業,1950,プライム
エクシオグループ,1951,プライム
新日本空調,1952,プライム
クラフティア,1959,プライム
MUSCAT GROUP,195A,グロース
サンテック,1960,スタンダード
三機工業,1961,プライム
日揮ホールディングス,1963,プライム
中外炉工業,1964,プライム
テクノ菱和,1965,スタンダード
高田工業所,1966,スタンダード
ヤマト,1967,スタンダード
太平電業,1968,プライム
高砂熱学工業,1969,プライム
MFS,196A,グロース
三晃金属工業,1972,スタンダード
朝日工業社,1975,プライム
明星工業,1976,プライム
大氣社,1979,プライム
タウンズ,197A,スタンダード
ダイダン,1980,プライム
協和日成,1981,スタンダード
日比谷総合設備,1982,プライム
PostPrime,198A,グロース
神田通信機,1992,スタンダード
高橋カーテンウォール工業,1994,スタンダード
暁飯島工業,1997,スタンダード
ニップン,2001,プライム
日清製粉グループ本社,2002,プライム
日東富士製粉,2003,スタンダード
昭和産業,2004,プライム
鳥越製粉,2009,スタンダード
中部飼料,2053,プライム
日和産業,2055,スタンダード
ロゴスホールディングス,205A,グロース
フィード・ワン,2060,プライム
PRISM BioLab,206A,グロース
構造計画研究所ホールディングス,208A,スタンダード
日本甜菜製糖,2108,プライム
DM三井製糖,2109,プライム
塩水港精糖,2112,スタンダード
フジ日本,2114,スタンダード
ウェルネオシュガー,2117,プライム
カドス・コーポレーション,211A,スタンダード
LIFULL,2120,プライム
MIXI,2121,プライム
インタースペース,2122,スタンダード
ジェイエイシーリクルートメント,2124,プライム
日本M&Aセンターホールディングス,2127,プライム
フィットイージー,212A,プライム
メンバーズ,2130,プライム
北浜キャピタルパートナーズ,2134,スタンダード
ヒップ,2136,スタンダード
クルーズ,2138,スタンダード
中広,2139,スタンダード
UTグループ,2146,プライム
アイティメディア,2148,プライム
幼児活動研究会,2152,スタンダード
E・Jホールディングス,2153,プライム
オープンアップグループ,2154,プライム
セーラー広告,2156,スタンダード
コシダカホールディングス,2157,プライム
FRONTEO,2158,グロース
タイミー,215A,グロース
ジーエヌアイグループ,2160,グロース
アルトナー,2163,プライム
地域新聞社,2164,スタンダード
パソナグループ,2168,プライム
CDS,2169,スタンダード
リンクアンドモチベーション,2170,プライム
博展,2173,グロース
エス・エム・エス,2175,プライム
成学社,2179,スタンダード
サニーサイドアップグループ,2180,スタンダード
パーソルホールディングス,2181,プライム
リニカル,2183,スタンダード
シイエム・シイ,2185,スタンダード
ソーバル,2186,スタンダード
Liberaware,218A,グロース
クックパッド,2193,スタンダード
アミタホールディングス,2195,グロース
アイ・ケイ・ケイホールディングス,2198,プライム
Heartseed,219A,グロース
森永製菓,2201,プライム
中村屋,2204,スタンダード
江崎グリコ,2206,プライム
meito,2207,プライム
ブルボン,2208,スタンダード
井村屋グループ,2209,プライム
Faber Company,220A,スタンダード
不二家,2211,プライム
山崎製パン,2212,プライム
第一屋製パン,2215,スタンダード
カンロ,2216,スタンダード
モロゾフ,2217,プライム
亀田製菓,2220,プライム
岩塚製菓,2221,スタンダード
寿スピリッツ,2222,プライム
コモ,2224,スタンダード
湖池屋,2226,スタンダード
カルビー,2229,プライム
森永乳業,2264,プライム
六甲バター,2266,プライム
ヤクルト本社,2267,プライム
B-R サーティワン アイスクリーム,2268,スタンダード
明治ホールディングス,2269,プライム
雪印メグミルク,2270,プライム
プリマハム,2281,プライム
日本ハム,2282,プライム
林兼産業,2286,スタンダード
丸大食品,2288,プライム
オプロ,228A,グロース
福留ハム,2291,スタンダード
S Foods,2292,プライム
滝沢ハム,2293,スタンダード
柿安本店,2294,プライム
伊藤ハム米久ホールディングス,2296,プライム
きょくとう,2300,スタンダード
学情,2301,プライム
ドーン,2303,スタンダード
CSSホールディングス,2304,スタンダード
スタジオアリス,2305,スタンダード
クロスキャット,2307,プライム
エプコ,2311,スタンダード
CAICA DIGITAL,2315,スタンダード
システナ,2317,プライム
ソフトフロントホールディングス,2321,グロース
fonfun,2323,スタンダード
NJS,2325,プライム
デジタルアーツ,2326,プライム
日鉄ソリューションズ,2327,プライム
東北新社,2329,スタンダード
フォーサイド,2330,スタンダード
ALSOK,2331,プライム
クエスト,2332,スタンダード
イオレ,2334,グロース
キューブシステム,2335,プライム
いちご,2337,プライム
クオンタムソリューションズ,2338,スタンダード
極楽湯ホールディングス,2340,スタンダード
アルバイトタイムス,2341,スタンダード
トランスジェニックグループ,2342,スタンダード
HODL1,2345,スタンダード
エヌアイデイ,2349,スタンダード
ASJ,2351,スタンダード
日本駐車場開発,2353,プライム
YE DIGITAL,2354,スタンダード
コア,2359,プライム
メディネット,2370,グロース
カカクコム,2371,プライム
ケア21,2373,スタンダード
ギグワークス,2375,スタンダード
サイネックス,2376,スタンダード
ルネサンス,2378,プライム
ディップ,2379,プライム
SBSホールディングス,2384,プライム
総医研ホールディングス,2385,グロース
ウェッジホールディングス,2388,グロース
プラネット,2391,スタンダード
日本ケアサプライ,2393,スタンダード
新日本科学,2395,プライム
鉄人化ホールディングス,2404,スタンダード
KG情報,2408,スタンダード
キャリアデザインセンター,2410,プライム
ゲンダイエージェンシー,2411,スタンダード
エムスリー,2413,プライム
ヒューマンホールディングス,2415,スタンダード
ツカダ・グローバルホールディング,2418,スタンダード
ROXX,241A,グロース
ブラス,2424,スタンダード
ケアサービス,2425,スタンダード
ウェルネット,2428,スタンダード
ワールドホールディングス,2429,プライム
ディー・エヌ・エー,2432,プライム
博報堂DYホールディングス,2433,プライム
シダー,2435,スタンダード
共同ピーアール,2436,スタンダード
Shinwa Wise Holdings,2437,スタンダード
アスカネット,2438,グロース
ぐるなび,2440,スタンダード
タカミヤ,2445,スタンダード
プラップジャパン,2449,スタンダード
グロースエクスパートナーズ,244A,グロース
オールアバウト,2454,スタンダード
アウンコンサルティング,2459,スタンダード
INGS,245A,グロース
ファンコミュニケーションズ,2461,プライム
ライク,2462,プライム
Aoba‐BBT,2464,スタンダード
ヒビノ,2469,スタンダード
アスア,246A,グロース
エスプール,2471,プライム
WDBホールディングス,2475,プライム
手間いらず,2477,スタンダード
ジェイテック,2479,スタンダード
Aiロボティクス,247A,グロース
システム・ロケーション,2480,スタンダード
タウンニュース社,2481,スタンダード
翻訳センター,2483,スタンダード
出前館,2484,スタンダード
ティア,2485,スタンダード
JTP,2488,スタンダード
アドウェイズ,2489,スタンダード
キッズスター,248A,グロース
バリューコマース,2491,プライム
インフォマート,2492,プライム
イーサポートリンク,2493,スタンダード
ユナイテッド,2497,グロース
オリエンタルコンサルタンツホールディングス,2498,スタンダード
日本和装ホールディングス,2499,スタンダード
サッポロビール,2501,プライム
アサヒグループホールディングス,2502,プライム
キリンホールディングス,2503,プライム
シマダヤ,250A,スタンダード
宝ホールディングス,2531,プライム
オエノンホールディングス,2533,プライム
ETSグループ,253A,スタンダード
AIフュージョンキャピタルグループ,254A,スタンダード
ジーエルテクノホールディングス,255A,スタンダード
飛島ホールディングス,256A,プライム
北海道コカ・コーラボトリング,2573,スタンダード
コカ・コーラ ボトラーズジャパンホールディングス,2579,プライム
ライフドリンク カンパニー,2585,プライム
フルッタフルッタ,2586,グロース
サントリービバレッジ&フード,2587,プライム
プレミアムウォーターホールディングス,2588,スタンダード
ダイドーグループホールディングス,2590,プライム
伊藤園,2593,プライム
伊藤園第1種優先株式,25935,プライム
キーコーヒー,2594,プライム
ユニカフェ,2597,スタンダード
日清オイリオグループ,2602,プライム
不二製油,2607,プライム
かどや製油,2612,スタンダード
J-オイルミルズ,2613,プライム
日水コン,261A,スタンダード
インターメスティック,262A,プライム
Schoo,264A,グロース
まんだらけ,2652,スタンダード
イオン九州,2653,スタンダード
アスモ,2654,スタンダード
ベクターホールディングス,2656,スタンダード
サンエー,2659,プライム
Hmcomm,265A,グロース
カワチ薬品,2664,プライム
オートウェーブ,2666,スタンダード
イメージ ワン,2667,スタンダード
タビオ,2668,スタンダード
カネ美食品,2669,スタンダード
エービーシー・マート,2670,プライム
夢みつけ隊,2673,スタンダード
ハードオフコーポレーション,2674,プライム
高千穂交易,2676,プライム
アスクル,2678,プライム
ゲオホールディングス,2681,プライム
魚喜,2683,スタンダード
アンドエスティHD,2685,プライム
シー・ヴイ・エス・ベイエリア,2687,スタンダード
オルバヘルスケアホールディングス,2689,スタンダード
リガク・ホールディングス,268A,プライム
YKT,2693,スタンダード
焼肉坂井ホールディングス,2694,スタンダード
くら寿司,2695,プライム
キャンドゥ,2698,スタンダード
Sapeet,269A,グロース
木徳神糧,2700,スタンダード
日本マクドナルドホールディングス,2702,スタンダード
大戸屋ホールディングス,2705,スタンダード
久世,2708,スタンダード
ジェイホールディングス,2721,スタンダード
IKホールディングス,2722,スタンダード
パルグループホールディングス,2726,プライム
エディオン,2730,プライム
あらた,2733,プライム
サーラコーポレーション,2734,プライム
ワッツ,2735,スタンダード
フェスタリアホールディングス,2736,スタンダード
トーメンデバイス,2737,プライム
ハローズ,2742,プライム
北雄ラッキー,2747,スタンダード
JPホールディングス,2749,プライム
ガーデン,274A,スタンダード
石光商事,2750,スタンダード
テンポスホールディングス,2751,スタンダード
フジオフードグループ本社,2752,プライム
あみやき亭,2753,プライム
東京エレクトロン デバイス,2760,プライム
SANKO MARKETING FOODS,2762,スタンダード
ひらまつ,2764,スタンダード
円谷フィールズホールディングス,2767,プライム
双日,2768,プライム
ヴィレッジヴァンガードコーポレーション,2769,スタンダード
ククレブ・アドバイザーズ,276A,グロース
新都ホールディングス,2776,スタンダード
パレモ・ホールディングス,2778,スタンダード
グロービング,277A,プライム
コメ兵ホールディングス,2780,スタンダード
セリア,2782,スタンダード
アルフレッサ ホールディングス,2784,プライム
アップルインターナショナル,2788,スタンダード
カルラ,2789,スタンダード
Terra Drone,278A,グロース
ナフコ,2790,スタンダード
大黒天物産,2791,プライム
ハニーズホールディングス,2792,プライム
日本プリメックス,2795,スタンダード
ファーマライズホールディングス,2796,スタンダード
ワイズテーブルコーポレーション,2798,スタンダード
キッコーマン,2801,プライム
味の素,2802,プライム
ブルドックソース,2804,プライム
ヱスビー食品,2805,スタンダード
ユタカフーズ,2806,スタンダード
キユーピー,2809,プライム
TMH,280A,グロース
ハウス食品グループ本社,2810,プライム
カゴメ,2811,プライム
和弘食品,2813,スタンダード
佐藤食品工業,2814,スタンダード
アリアケジャパン,2815,プライム
ダイショー,2816,スタンダード
ピエトロ,2818,スタンダード
エバラ食品工業,2819,スタンダード
インフォメティス,281A,グロース
やまみ,2820,スタンダード
はごろもフーズ,2831,スタンダード
キオクシアホールディングス,285A,プライム
ユカリア,286A,グロース
ニチレイ,2871,プライム
セイヒョー,2872,スタンダード
横浜冷凍,2874,プライム
東洋水産,2875,プライム
デルソーレ,2876,スタンダード
日東ベスト,2877,スタンダード
黒田グループ,287A,スタンダード
イートアンドホールディングス,2882,プライム
大冷,2883,スタンダード
ヨシムラ・フード・ホールディングス,2884,プライム
ラクサス・テクノロジーズ,288A,グロース
日本食品化工,2892,スタンダード
石井食品,2894,スタンダード
日清食品ホールディングス,2897,プライム
ウェルディッシュ,2901,スタンダード
シノブフーズ,2903,スタンダード
一正蒲鉾,2904,スタンダード
あじかん,2907,スタンダード
フジッコ,2908,プライム
Synspective,290A,グロース
ロック・フィールド,2910,プライム
旭松食品,2911,スタンダード
日本たばこ産業,2914,プライム
ケンコーマヨネーズ,2915,プライム
仙波糖化工業,2916,スタンダード
大森屋,2917,スタンダード
わらべや日洋ホールディングス,2918,プライム
リスキル,291A,グロース
なとり,2922,プライム
サトウ食品,2923,スタンダード
イフジ産業,2924,スタンダード
篠崎屋,2926,スタンダード
AFC-HDアムスライフサイエンス,2927,スタンダード
ファーマフーズ,2929,プライム
北の達人コーポレーション,2930,プライム
ユーグレナ,2931,プライム
STIフードホールディングス,2932,スタンダード
紀文食品,2933,プライム
ジェイフロンティア,2934,グロース
ピックルスホールディングス,2935,プライム
ベースフード,2936,グロース
サンクゼール,2937,グロース
オカムラ食品工業,2938,スタンダード
日本調理機,2961,スタンダード
テクニスコ,2962,スタンダード
令和アカウンティング・ホールディングス,296A,グロース
GLC GROUP,2970,スタンダード
スター・マイカ・ホールディングス,2975,プライム
ツクルバ,2978,グロース
アルピコホールディングス,297A,スタンダード
SREホールディングス,2980,プライム
ランディックス,2981,グロース
ADワークスグループ,2982,プライム
アールプランナー,2983,グロース
ヤマイチエステート,2984,スタンダード
LAホールディングス,2986,グロース
GVA TECH,298A,グロース
ランドネット,2991,スタンダード
長栄,2993,スタンダード
ストレージ王,2997,グロース
クリアル,2998,グロース
ホームポジション,2999,スタンダード
クラシル,299A,グロース
片倉工業,3001,スタンダード
グンゼ,3002,プライム
ヒューリック,3003,プライム
神栄,3004,スタンダード
MIC,300A,スタンダード
ポラリス・ホールディングス,3010,スタンダード
バナーズ,3011,スタンダード
アプライド,3020,スタンダード
パシフィックネット,3021,スタンダード
ラサ商事,3023,スタンダード
クリエイト,3024,スタンダード
アルペン,3028,プライム
ビースタイルホールディングス,302A,グロース
ハブ,3030,スタンダード
ラクーンホールディングス,3031,プライム
クオールホールディングス,3034,プライム
ケイティケイ,3035,スタンダード
アルコニックス,3036,プライム
神戸物産,3038,プライム
visumo,303A,グロース
ソリトンシステムズ,3040,プライム
ビューティカダンホールディングス,3041,スタンダード
セキュアヴェイル,3042,スタンダード
カワサキ,3045,スタンダード
ジンズホールディングス,3046,プライム
ビックカメラ,3048,プライム
フォルシア,304A,グロース
DCMホールディングス,3050,プライム
ペッパーフードサービス,3053,スタンダード
ハイパー,3054,スタンダード
三洋堂ホールディングス,3058,スタンダード
ヒラキ,3059,スタンダード
ジェイグループホールディングス,3063,グロース
MonotaRO,3064,プライム
ライフフーズ,3065,スタンダード
東京一番フーズ,3067,スタンダード
WDI,3068,スタンダード
JFLAホールディングス,3069,スタンダード
ジェリービーンズグループ,3070,グロース
ストリーム,3071,スタンダード
銚子丸,3075,スタンダード
あい ホールディングス,3076,プライム
ホリイフードサービス,3077,スタンダード
ジェーソン,3080,スタンダード
きちりホールディングス,3082,スタンダード
スターシーズ,3083,スタンダード
J.フロント リテイリング,3086,プライム
ドトール・日レスホールディングス,3087,プライム
マツキヨココカラ&カンパニー,3088,プライム
テクノアルファ,3089,スタンダード
ブロンコビリー,3091,プライム
ZOZO,3092,プライム
トレジャー・ファクトリー,3093,プライム
オーシャンシステム,3096,スタンダード
物語コーポレーション,3097,プライム
三越伊勢丹ホールディングス,3099,プライム
東洋紡,3101,プライム
ユニチカ,3103,スタンダード
富士紡ホールディングス,3104,プライム
日清紡ホールディングス,3105,プライム
倉敷紡績,3106,プライム
ダイワボウホールディングス,3107,プライム
シキボウ,3109,プライム
日東紡績,3110,プライム
オーミケンシ,3111,スタンダード
UNIVA・Oakホールディングス,3113,スタンダード
トヨタ紡織,3116,プライム
マーチャント・バンカーズ,3121,スタンダード
サイボー,3123,スタンダード
シンデン・ハイテックス,3131,スタンダード
マクニカホールディングス,3132,プライム
海帆,3133,グロース
Hamee,3134,スタンダード
マーケットエンタープライズ,3135,スタンダード
ファンデリー,3137,スタンダード
富士山マガジンサービス,3138,スタンダード
ラクト・ジャパン,3139,プライム
BRUNO,3140,グロース
オーウイル,3143,スタンダード
クリエイトSDホールディングス,3148,プライム
グリムス,3150,プライム
バイタルケーエスケー・ホールディングス,3151,プライム
八洲電機,3153,プライム
メディアスホールディングス,3154,プライム
レスター,3156,プライム
ジオリーブグループ,3157,スタンダード
丸善CHIホールディングス,3159,スタンダード
大光,3160,スタンダード
アゼアス,3161,スタンダード
OCHIホールディングス,3166,スタンダード
TOKAIホールディングス,3167,プライム
MERF,3168,スタンダード
ミサワ,3169,スタンダード
ティーライフ,3172,スタンダード
Cominix,3173,スタンダード
ハピネス・アンド・ディ,3174,スタンダード
エー・ピーホールディングス,3175,スタンダード
三洋貿易,3176,プライム
ありがとうサービス,3177,スタンダード
チムニー,3178,スタンダード
シュッピン,3179,プライム
ビューティガレージ,3180,プライム
買取王国,3181,スタンダード
オイシックス,3182,プライム
ウイン・パートナーズ,3183,プライム
ICDAホールディングス,3184,スタンダード
夢展望,3185,グロース
ネクステージ,3186,プライム
ミラタップ,3187,グロース
ANAPホールディングス,3189,スタンダード
ホットマン,3190,スタンダード
ジョイフル本田,3191,プライム
白鳩,3192,スタンダード
エターナルホスピタリティグループ,3193,プライム
ジェネレーションパス,3195,スタンダード
ホットランドホールディングス,3196,プライム
すかいらーくホールディングス,3197,プライム
綿半ホールディングス,3199,プライム
技術承継機構,319A,グロース
日本毛織,3201,プライム
ダイトウボウ,3202,スタンダード
トーア紡コーポレーション,3204,スタンダード
ダイドーリミテッド,3205,スタンダード
ヨシックスホールディングス,3221,プライム
ユナイテッド・スーパーマーケット・ホールディングス,3222,スタンダード
エスエルディー,3223,スタンダード
ゼネラル・オイスター,3224,グロース
野村不動産ホールディングス,3231,プライム
三重交通グループホールディングス,3232,プライム
プロパスト,3236,スタンダード
イントランス,3237,グロース
セントラル総合開発,3238,スタンダード
フライヤー,323A,グロース
ウィル,3241,スタンダード
アーバネットコーポレーション,3242,スタンダード
ディア・ライフ,3245,プライム
コーセーアールイー,3246,スタンダード
アールエイジ,3248,スタンダード
ブッキングリゾート,324A,グロース
地主,3252,プライム
TENTIAL,325A,グロース
グランディーズ,3261,グロース
ファンドクリエーショングループ,3266,スタンダード
フィル・カンパニー,3267,スタンダード
JPMC,3276,プライム
サンセイランディック,3277,スタンダード
エストラスト,3280,スタンダード
フージャースホールディングス,3284,プライム
トラストホールディングス,3286,スタンダード
オープンハウスグループ,3288,プライム
東急不動産ホールディングス,3289,プライム
飯田グループホールディングス,3291,プライム
アズマハウス,3293,スタンダード
東武住販,3297,スタンダード
ムゲンエステート,3299,スタンダード
アンビション DX ホールディングス,3300,グロース
帝国繊維,3302,プライム
日本製麻,3306,スタンダード
TalentX,330A,グロース
日本コークス工業,3315,プライム
フライングガーデン,3317,スタンダード
メディックス,331A,スタンダード
クロスプラス,3320,スタンダード
ミタチ産業,3321,スタンダード
レカム,3323,スタンダード
ランシステム,3326,スタンダード
東和フードサービス,3329,スタンダード
ミーク,332A,グロース
あさひ,3333,プライム
コスモス薬品,3349,プライム
ビジュアル・プロセッシング・ジャパン,334A,グロース
メタプラネット,3350,スタンダード
バッファロー,3352,スタンダード
メディカル一光グループ,3353,スタンダード
クリヤマホールディングス,3355,スタンダード
Trailhead Global Holdings,3358,スタンダード
cotta,3359,グロース
ミライロ,335A,グロース
シップヘルスケアホールディングス,3360,プライム
トーエル,3361,スタンダード
ダイナミックマッププラットフォーム,336A,グロース
フジタコーポレーション,3370,スタンダード
ソフトクリエイトホールディングス,3371,プライム
関門海,3372,スタンダード
内外テック,3374,スタンダード
ZOA,3375,スタンダード
バイク王&カンパニー,3377,スタンダード
セブン&アイ・ホールディングス,3382,プライム
コスモ・バイオ,3386,スタンダード
クリエイト・レストランツ・ホールディングス,3387,プライム
明治電機工業,3388,プライム
ZenmuTech,338A,グロース
ツルハホールディングス,3391,プライム
デリカフーズホールディングス,3392,スタンダード
スターティアホールディングス,3393,プライム
サンマルクホールディングス,3395,プライム
フェリシモ,3396,スタンダード
トリドールホールディングス,3397,プライム
丸千代山岡家,3399,スタンダード
プログレス・テクノロジーズ グループ,339A,グロース
帝人,3401,プライム
東レ,3402,プライム
クラレ,3405,プライム
旭化成,3407,プライム
北紡,3409,スタンダード
ジグザグ,340A,グロース
TOKYO BASE,3415,プライム
ピクスタ,3416,スタンダード
大木ヘルスケアホールディングス,3417,スタンダード
バルニバービ,3418,グロース
トヨコー,341A,グロース
ケー・エフ・シー,3420,スタンダード
稲葉製作所,3421,スタンダード
J-MAX,3422,スタンダード
エスイー,3423,スタンダード
アトムリビンテック,3426,スタンダード
宮地エンジニアリンググループ,3431,プライム
トーカロ,3433,プライム
アルファCo,3434,スタンダード
サンコーテクノ,3435,スタンダード
SUMCO,3436,プライム
特殊電極,3437,スタンダード
三ツ知,3439,スタンダード
IACEトラベル,343A,スタンダード
日創グループ,3440,スタンダード
山王,3441,スタンダード
川田テクノロジーズ,3443,プライム
菊池製作所,3444,スタンダード
RS Technologies,3445,プライム
ジェイテックコーポレーション,3446,スタンダード
信和,3447,スタンダード
テクノフレックス,3449,スタンダード
ビーロット,3452,スタンダード
ファーストブラザーズ,3454,スタンダード
And Doホールディングス,3457,プライム
パルマ,3461,スタンダード
ケイアイスター不動産,3465,プライム
アグレ都市デザイン,3467,スタンダード
デュアルタップ,3469,スタンダード
G-FACTORY,3474,グロース
グッドコムアセット,3475,プライム
フォーライフ,3477,グロース
TKP,3479,グロース
ジェイ・エス・ビー,3480,プライム
ロードスターキャピタル,3482,プライム
イノベーションホールディングス,3484,スタンダード
グローバル・リンク・マネジメント,3486,プライム
フェイスネットワーク,3489,スタンダード
アズ企画設計,3490,スタンダード
GA technologies,3491,グロース
マリオン,3494,スタンダード
香陵住販,3495,スタンダード
アズーム,3496,プライム
霞ヶ関キャピタル,3498,プライム
SUMINOE,3501,プライム
デジタルグリッド,350A,グロース
日本フエルト,3512,スタンダード
イチカワ,3513,スタンダード
テルマー湯ホールディングス,3521,スタンダード
日東製網,3524,スタンダード
アツギ,3529,スタンダード
LOIVE,352A,グロース
アクサスホールディングス,3536,スタンダード
昭栄薬品,3537,スタンダード
ウイルプラスホールディングス,3538,スタンダード
JMホールディングス,3539,プライム
ベガコーポレーション,3542,グロース
コメダホールディングス,3543,プライム
サツドラホールディングス,3544,スタンダード
ユニシアホールディングス,3547,スタンダード
バロックジャパンリミテッド,3548,プライム
クスリのアオキホールディングス,3549,スタンダード
スタジオアタオ,3550,グロース
ダイニック,3551,スタンダード
共和レザー,3553,スタンダード
リネットジャパングループ,3556,グロース
ユナイテッド&コレクティブ,3557,グロース
ジェイドグループ,3558,グロース
ピーバンドットコム,3559,スタンダード
ほぼ日,3560,スタンダード
力の源ホールディングス,3561,プライム
No.1,3562,スタンダード
FOOD & LIFE COMPANIES,3563,プライム
アセンテック,3565,スタンダード
ユニフォームネクスト,3566,グロース
セーレン,3569,プライム
ソトー,3571,スタンダード
東海染工,3577,スタンダード
小松マテーレ,3580,プライム
オーベクス,3583,スタンダード
ワコールホールディングス,3591,プライム
自重堂,3597,スタンダード
山喜,3598,スタンダード
フジックス,3600,スタンダード
クラウディアホールディングス,3607,スタンダード
TSIホールディングス,3608,プライム
マツオカコーポレーション,3611,スタンダード
ワールド,3612,プライム
ネットイヤーグループ,3622,スタンダード
ビリングシステム,3623,グロース
アクセルマーク,3624,グロース
テックファームホールディングス,3625,グロース
TISI,3626,プライム
テクミラホールディングス,3627,スタンダード
データホライゾン,3628,グロース
グリーホールディングス,3632,プライム
GMOペパボ,3633,スタンダード
ソケッツ,3634,スタンダード
コーエーテクモホールディングス,3635,プライム
三菱総合研究所,3636,プライム
ボルテージ,3639,スタンダード
電算,3640,スタンダード
パピレス,3641,スタンダード
メディカルネット,3645,グロース
駅探,3646,スタンダード
アスリナ,3647,スタンダード
AGS,3648,スタンダード
ファインデックス,3649,プライム
ディジタルメディアプロフェッショナル,3652,グロース
モルフォ,3653,グロース
KLab,3656,プライム
ポールトゥウィンホールディングス,3657,プライム
ネクソン,3659,プライム
伊澤タオル,365A,スタンダード
アイスタイル,3660,プライム
エムアップホールディングス,3661,プライム
エイチームホールディングス,3662,プライム
セルシス,3663,プライム
WIZE,3664,グロース
エニグモ,3665,プライム
enish,3667,スタンダード
コロプラ,3668,プライム
ウェルネス・コミュニケーションズ,366A,グロース
協立情報通信,3670,スタンダード
ソフトマックス,3671,スタンダード
オルトプラス,3672,スタンダード
ブロードリーフ,3673,プライム
オークファン,3674,グロース
クロス・マーケティンググループ,3675,スタンダード
デジタルハーツホールディングス,3676,プライム
メディアドゥ,3678,プライム
じげん,3679,プライム
プリモグローバルホールディングス,367A,スタンダード
ホットリンク,3680,グロース
エンカレッジ・テクノロジ,3682,スタンダード
サイバーリンクス,3683,スタンダード
ディー・エル・イー,3686,スタンダード
フィックスターズ,3687,プライム
北里,368A,プライム
イルグルム,3690,スタンダード
デジタルプラス,3691,グロース
FFRIセキュリティ,3692,グロース
オプティム,3694,プライム
GMOプロダクトプラットフォーム,3695,グロース
セレス,3696,プライム
SHIFT,3697,プライム
CRI・ミドルウェア,3698,スタンダード
エータイ,369A,グロース
特種東海製紙,3708,プライム
ジョルダン,3710,スタンダード
情報企画,3712,スタンダード
AIストーム,3719,スタンダード
日本ファルコム,3723,グロース
フォーシーズHD,3726,スタンダード
アプリックス,3727,グロース
レント,372A,スタンダード
ソフトウェア・サービス,3733,スタンダード
リップス,373A,グロース
セック,3741,プライム
サイオス,3744,スタンダード
インタートレード,3747,スタンダード
ADRバイオメディカルホールディングス,3750,スタンダード
フライトソリューションズ,3753,スタンダード
アエリア,3758,スタンダード
ケイブ,3760,スタンダード
テクマトリックス,3762,プライム
プロシップ,3763,プライム
ガンホー・オンライン・エンターテイメント,3765,プライム
システムズ・デザイン,3766,スタンダード
リスクモンスター,3768,スタンダード
GMOペイメントゲートウェイ,3769,プライム
システムリサーチ,3771,プライム
ウェルス・マネジメント,3772,スタンダード
アドバンスト・メディア,3773,グロース
インターネットイニシアティブ,3774,プライム
ブロードバンドタワー,3776,スタンダード
環境フレンドリーホールディングス,3777,グロース
さくらインターネット,3778,プライム
ジェイ・エスコムホールディングス,3779,スタンダード
テクノマセマティカル,3787,スタンダード
GMOグローバルサイン・ホールディングス,3788,プライム
ヒット,378A,グロース
IGポート,3791,スタンダード
ドリコム,3793,グロース
いい生活,3796,スタンダード
ULSグループ,3798,スタンダード
キーウェアソリューションズ,3799,スタンダード
ユニリタ,3800,スタンダード
エコミック,3802,スタンダード
イメージ情報開発,3803,グロース
システム ディ,3804,スタンダード
フィスコ,3807,グロース
サイバーステップホールディングス,3810,スタンダード
メディア工房,3815,グロース
大和コンピューター,3816,スタンダード
SRAホールディングス,3817,プライム
THE WHY HOW DO COMPANY,3823,スタンダード
リミックスポイント,3825,スタンダード
システムインテグレータ,3826,スタンダード
朝日ネット,3834,プライム
eBASE,3835,プライム
アバントグループ,3836,プライム
アドソル日進,3837,プライム
ODKソリューションズ,3839,スタンダード
パス,3840,スタンダード
ジーダット,3841,スタンダード
ネクストジェン,3842,スタンダード
フリービット,3843,プライム
コムチュア,3844,プライム
アイフリークモバイル,3845,スタンダード
データ・アプリケーション,3848,スタンダード
エヌ・ティ・ティ・データ・イントラマート,3850,スタンダード
日本一ソフトウェア,3851,スタンダード
アステリア,3853,プライム
アイル,3854,プライム
Abalance,3856,スタンダード
ユビキタスAI,3858,スタンダード
王子ホールディングス,3861,プライム
日本製紙,3863,プライム
三菱製紙,3864,プライム
北越コーポレーション,3865,プライム
みのや,386A,スタンダード
中越パルプ工業,3877,プライム
巴川コーポレーション,3878,スタンダード
フラー,387A,グロース
大王製紙,3880,プライム
ニッポン高度紙工業,3891,スタンダード
岡山製紙,3892,スタンダード
ハビックス,3895,スタンダード
阿波製紙,3896,スタンダード
クラウドワークス,3900,グロース
マークラインズ,3901,プライム
gumi,3903,プライム
カヤック,3904,グロース
データセクション,3905,グロース
シリコンスタジオ,3907,スタンダード
コラボス,3908,スタンダード
ショーケース,3909,スタンダード
エムケイシステム,3910,スタンダード
Aiming,3911,グロース
モバイルファクトリー,3912,スタンダード
GreenBee,3913,スタンダード
JIG-SAW,3914,グロース
テラスカイ,3915,プライム
デジタル・インフォメーション・テクノロジー,3916,プライム
アイリッジ,3917,グロース
PCIホールディングス,3918,スタンダード
アイビーシー,3920,スタンダード
ネオジャパン,3921,プライム
PR TIMES,3922,プライム
ラクス,3923,プライム
ダブルスタンダード,3925,プライム
オープンドア,3926,スタンダード
フーバーブレイン,3927,スタンダード
マイネット,3928,スタンダード
ソーシャルワイヤー,3929,グロース
はてな,3930,グロース
バリューゴルフ,3931,グロース
アカツキ,3932,プライム
チエル,3933,スタンダード
ベネフィットジャパン,3934,スタンダード
エディア,3935,スタンダード
グローバルウェイ,3936,グロース
Ubicomホールディングス,3937,スタンダード
カナミックネットワーク,3939,プライム
ノムラシステムコーポレーション,3940,スタンダード
レンゴー,3941,プライム
大石産業,3943,スタンダード
古林紙工,3944,スタンダード
スーパーバッグ,3945,スタンダード
トーモク,3946,プライム
ダイナパック,3947,スタンダード
光ビジネスフォーム,3948,スタンダード
ザ・パック,3950,プライム
朝日印刷,3951,スタンダード
大村紙業,3953,スタンダード
昭和パックス,3954,スタンダード
イムラ,3955,スタンダード
笹徳印刷,3958,スタンダード
チェンジホールディングス,3962,プライム
シンクロ・フード,3963,プライム
オークネット,3964,プライム
キャピタル・アセット・プランニング,3965,スタンダード
エルテス,3967,グロース
セグエグループ,3968,プライム
エイトレッド,3969,スタンダード
イノベーション,3970,スタンダード
SCAT,3974,スタンダード
シャノン,3976,グロース
うるる,3979,グロース
ビーグリー,3981,スタンダード
オロ,3983,プライム
ユーザーローカル,3984,プライム
テモナ,3985,スタンダード
ビーブレイクシステムズ,3986,スタンダード
エコモット,3987,グロース
SYSホールディングス,3988,スタンダード
シェアリングテクノロジー,3989,グロース
ウォンテッドリー,3991,グロース
ニーズウェル,3992,プライム
PKSHA Technology,3993,プライム
マネーフォワード,3994,プライム
サインポスト,3996,スタンダード
トレードワークス,3997,スタンダード
すららネット,3998,グロース
レゾナック・ホールディングス,4004,プライム
住友化学,4005,プライム
住友精化,4008,プライム
ヘッドウォータース,4011,グロース
アクシス,4012,スタンダード
勤次郎,4013,グロース
カラダノート,4014,グロース
ペイクラウドホールディングス,4015,グロース
MITホールディングス,4016,スタンダード
クリーマ,4017,グロース
スタメン,4019,グロース
ビートレンド,4020,グロース
日産化学,4021,プライム
ラサ工業,4022,プライム
クレハ,4023,プライム
多木化学,4025,プライム
神島化学工業,4026,スタンダード
テイカ,4027,プライム
石原産業,4028,プライム
アクセルスペースホールディングス,402A,グロース
片倉コープアグリ,4031,スタンダード
南海化学,4040,スタンダード
日本曹達,4041,プライム
東ソー,4042,プライム
トクヤマ,4043,プライム
セントラル硝子,4044,プライム
東亞合成,4045,プライム
大阪ソーダ,4046,プライム
関東電化工業,4047,プライム
GMOフィナンシャルゲート,4051,プライム
フィーチャ,4052,グロース
Sun Asterisk,4053,プライム
日本情報クリエイト,4054,グロース
ティアンドエスグループ,4055,グロース
ニューラルグループ,4056,グロース
インターファクトリー,4057,グロース
トヨクモ,4058,グロース
まぐまぐ,4059,スタンダード
rakumo,4060,グロース
デンカ,4061,プライム
イビデン,4062,プライム
信越化学工業,4063,プライム
日本カーバイド工業,4064,プライム
ベイシス,4068,グロース
BlueMeme,4069,グロース
プラスアルファ・コンサルティング,4071,プライム
電算システムホールディングス,4072,プライム
ジィ・シィ企画,4073,グロース
ラキール,4074,グロース
ブレインズテクノロジー,4075,グロース
シイエヌエス,4076,グロース
堺化学工業,4078,プライム
UNICONホールディングス,407A,スタンダード
第一稀元素化学工業,4082,プライム
エア・ウォーター,4088,プライム
日本酸素ホールディングス,4091,プライム
日本化学工業,4092,プライム
東邦アセチレン,4093,スタンダード
日本化学産業,4094,スタンダード
日本パーカライジング,4095,プライム
高圧ガス工業,4097,プライム
チタン工業,4098,スタンダード
四国化成ホールディングス,4099,プライム
オリオンビール,409A,プライム
戸田工業,4100,スタンダード
丸尾カルシウム,4102,スタンダード
伊勢化学工業,4107,スタンダード
ステラ ケミファ,4109,プライム
GMOコマース,410A,グロース
保土谷化学工業,4112,プライム
田岡化学工業,4113,スタンダード
日本触媒,4114,プライム
大日精化工業,4116,プライム
カネカ,4118,プライム
日本ピグメントホールディングス,4119,スタンダード
スガイ化学工業,4120,スタンダード
大阪油化工業,4124,スタンダード
三和油化工業,4125,スタンダード
オーバーラップホールディングス,414A,グロース
協和キリン,4151,プライム
GMO TECHホールディングス,415A,グロース
プレイド,4165,グロース
かっこ,4166,グロース
ココペリ,4167,グロース
ヤプリ,4168,グロース
ENECHANGE,4169,グロース
富士ユナイトホールディングス,416A,スタンダード
Kaizen Platform,4170,グロース
Hiクラテス,4172,スタンダード
アピリッツ,4174,スタンダード
coly,4175,グロース
ココナラ,4176,グロース
i‐plug,4177,グロース
Sharing Innovations,4178,グロース
ジーネクスト,4179,グロース
ブルーゾーンホールディングス,417A,プライム
Appier Group,4180,プライム
三菱瓦斯化学,4182,プライム
三井化学,4183,プライム
東京応化工業,4186,プライム
大阪有機化学工業,4187,プライム
三菱ケミカルグループ,4188,プライム
KHネオケム,4189,プライム
スパイダープラス,4192,グロース
ファブリカホールディングス,4193,スタンダード
ビジョナル,4194,プライム
ネオマーケティング,4196,スタンダード
アスマーク,4197,スタンダード
テンダ,4198,スタンダード
ワンダープラネット,4199,グロース
ダイセル,4202,プライム
住友ベークライト,4203,プライム
積水化学工業,4204,プライム
日本ゼオン,4205,プライム
アイカ工業,4206,プライム
UBE,4208,プライム
積水樹脂,4212,プライム
旭有機材,4216,プライム
ニチバン,4218,プライム
ムービン・ストラテジック・キャリア,421A,グロース
リケンテクノス,4220,プライム
大倉工業,4221,プライム
児玉化学工業,4222,スタンダード
ロンシール工業,4224,スタンダード
積水化成品工業,4228,プライム
群栄化学工業,4229,プライム
タイガースポリマー,4231,スタンダード
サンエー化研,4234,スタンダード
ウルトラファブリックス・ホールディングス,4235,スタンダード
フジプレアム,4237,スタンダード
ミライアル,4238,スタンダード
ライオン事務器,423A,スタンダード
クラスターテクノロジー,4240,スタンダード
アテクト,4241,スタンダード
タカギセイコー,4242,スタンダード
ニックス,4243,スタンダード
ダイキアクシス,4245,スタンダード
ダイキョーニシカワ,4246,プライム
ポバール興業,4247,スタンダード
竹本容器,4248,スタンダード
森六,4249,プライム
恵和,4251,プライム
THECOO,4255,グロース
サインド,4256,グロース
網屋,4258,グロース
エクサウィザーズ,4259,グロース
ハイブリッドテクノロジーズ,4260,グロース
アジアクエスト,4261,グロース
ニフティライフスタイル,4262,グロース
サスメド,4263,グロース
セキュア,4264,グロース
Institution for a Global Society,4265,グロース
BeeX,4270,グロース
日本化薬,4272,プライム
細谷火工,4274,スタンダード
カーリット,4275,プライム
ソルクシーズ,4284,スタンダード
CLホールディングス,4286,スタンダード
ジャストプランニング,4287,スタンダード
アズジェント,4288,スタンダード
サイプレス・ホールディングス,428A,スタンダード
プレステージ・インターナショナル,4290,プライム
セプテーニ・ホールディングス,4293,スタンダード
ハイマックス,4299,スタンダード
テクセンドフォトマスク,429A,プライム
アミューズ,4301,プライム
野村総合研究所,4307,プライム
Jストリーム,4308,グロース
ドリームインキュベータ,4310,プライム
ビーマップ,4316,グロース
レイ,4317,スタンダード
クイック,4318,プライム
ユーソナー,431A,グロース
CEホールディングス,4320,スタンダード
日本システム技術,4323,プライム
電通グループ,4324,プライム
インテージホールディングス,4326,プライム
テイクアンドギヴ・ニーズ,4331,プライム
ユークス,4334,スタンダード
IPSホールディングス,4335,スタンダード
ぴあ,4337,プライム
西菱電機,4341,スタンダード
イオンファンタジー,4343,プライム
ソースネクスト,4344,プライム
シーティーエス,4345,プライム
NEXYZ.Group,4346,スタンダード
ブロードメディア,4347,スタンダード
メディカルシステムネットワーク,4350,スタンダード
山田再生系債権回収総合事務所,4351,スタンダード
応用技術,4356,スタンダード
マナック・ケミカル・パートナーズ,4360,スタンダード
川口化学工業,4361,スタンダード
日本精化,4362,プライム
松本油脂製薬,4365,スタンダード
ダイトーケミックス,4366,スタンダード
扶桑化学工業,4368,プライム
トリケミカル研究所,4369,プライム
サイバーソリューションズ,436A,グロース
モビルス,4370,グロース
コアコンセプト・テクノロジー,4371,グロース
ユミルリンク,4372,グロース
シンプレクス・ホールディングス,4373,プライム
ROBOT PAYMENT,4374,グロース
セーフィー,4375,グロース
くふうカンパニーホールディングス,4376,グロース
ワンキャリア,4377,グロース
CINC,4378,グロース
Photosynth,4379,グロース
Mマート,4380,グロース
ビープラッツ,4381,グロース
HEROZ,4382,スタンダード
メルカリ,4385,プライム
SIGグループ,4386,スタンダード
ZUU,4387,グロース
エーアイ,4388,スタンダード
プロパティデータバンク,4389,グロース
インフキュリオン,438A,グロース
IPS,4390,プライム
ロジザード,4391,グロース
FIG,4392,プライム
バンク・オブ・イノベーション,4393,グロース
エクスモーション,4394,グロース
アクリート,4395,グロース
システムサポートホールディングス,4396,プライム
チームスピリット,4397,グロース
ブロードバンドセキュリティ,4398,スタンダード
ADEKA,4401,プライム
日油,4403,プライム
ミヨシ油脂,4404,スタンダード
新日本理化,4406,スタンダード
東邦化学工業,4409,スタンダード
ハリマ化成グループ,4410,プライム
サイエンスアーツ,4412,グロース
ボードルア,4413,プライム
フレクト,4414,グロース
ブロードエンタープライズ,4415,グロース
True Data,4416,グロース
グローバルセキュリティエキスパート,4417,グロース
JDSC,4418,グロース
Finatextホールディングス,4419,グロース
NE,441A,グロース
イーソル,4420,スタンダード
ディ・アイ・システム,4421,スタンダード
VALUENEX,4422,グロース
Amazia,4424,グロース
Kudan,4425,グロース
EduLab,4427,グロース
シノプス,4428,グロース
リックソフト,4429,グロース
クラシコ,442A,グロース
東海ソフト,4430,スタンダード
スマレジ,4431,グロース
ウイングアーク1st,4432,プライム
ヒト・コミュニケーションズ・ホールディングス,4433,プライム
サーバーワークス,4434,スタンダード
ミンカブ・ジ・インフォノイド,4436,グロース
gooddaysホールディングス,4437,グロース
Welby,4438,グロース
東名,4439,スタンダード
ヴィッツ,4440,スタンダード
トビラシステムズ,4441,スタンダード
バルテス・ホールディングス,4442,グロース
Sansan,4443,プライム
インフォネット,4444,グロース
リビン・テクノロジーズ,4445,グロース
Link-Uグループ,4446,スタンダード
ピー・ビーシステムズ,4447,グロース
kubell,4448,グロース
パワーソリューションズ,4450,グロース
花王,4452,プライム
第一工業製薬,4461,プライム
石原ケミカル,4462,プライム
日華化学,4463,スタンダード
ソフト99コーポレーション,4464,スタンダード
ニイタカ,4465,スタンダード
ノースサンド,446A,グロース
三洋化成工業,4471,プライム
HENNGE,4475,グロース
AI CROSS,4476,グロース
BASE,4477,グロース
フリー,4478,グロース
マクアケ,4479,グロース
メドレー,4480,プライム
ベース,4481,プライム
ウィルズ,4482,グロース
JMDC,4483,プライム
ランサーズ,4484,グロース
ユナイトアンドグロウ,4486,グロース
スペースマーケット,4487,グロース
AI inside,4488,グロース
ビザスク,4490,グロース
コンピューターマネージメント,4491,スタンダード
ゼネテック,4492,スタンダード
サイバーセキュリティクラウド,4493,グロース
アイキューブドシステムズ,4495,グロース
コマースOneホールディングス,4496,グロース
サイバートラスト,4498,グロース
Speee,4499,スタンダード
武田薬品工業,4502,プライム
アステラス製薬,4503,プライム
住友ファーマ,4506,プライム
塩野義製薬,4507,プライム
わかもと製薬,4512,スタンダード
日本新薬,4516,プライム
中外製薬,4519,プライム
科研製薬,4521,プライム
エーザイ,4523,プライム
森下仁丹,4524,スタンダード
理研ビタミン,4526,プライム
ロート製薬,4527,プライム
小野薬品工業,4528,プライム
有機合成薬品工業,4531,スタンダード
持田製薬,4534,プライム
参天製薬,4536,プライム
扶桑薬品工業,4538,プライム
日本ケミファ,4539,スタンダード
ツムラ,4540,プライム
テルモ,4543,プライム
H.U.グループホールディングス,4544,プライム
キッセイ薬品工業,4547,プライム
生化学工業,4548,プライム
栄研化学,4549,プライム
JCRファーマ,4552,プライム
東和薬品,4553,プライム
富士製薬工業,4554,プライム
中京医薬品,4558,スタンダード
ゼリア新薬工業,4559,プライム
アンジェス,4563,グロース
オンコセラピー・サイエンス,4564,グロース
ネクセラファーマ,4565,プライム
第一三共,4568,プライム
杏林製薬,4569,プライム
HUMAN MADE,456A,グロース
免疫生物研究所,4570,グロース
NANOホールディングス,4571,グロース
カルナバイオサイエンス,4572,グロース
大幸薬品,4574,プライム
キャンバス,4575,グロース
デ・ウエスタン・セラピテクス研究所,4576,グロース
ダイト,4577,プライム
大塚ホールディングス,4578,プライム
ラクオリア創薬,4579,グロース
シンバイオ製薬,4582,グロース
カイオム・バイオサイエンス,4583,グロース
キッズウェル・バイオ,4584,グロース
メドレックス,4586,グロース
ペプチドリーム,4587,プライム
オンコリスバイオファーマ,4588,グロース
リボミック,4591,グロース
サンバイオ,4592,グロース
ヘリオス,4593,グロース
ブライトパス・バイオ,4594,グロース
ミズホメディー,4595,スタンダード
窪田製薬ホールディングス,4596,グロース
ソレイジア・ファーマ,4597,グロース
Delta-Fly Pharma,4598,グロース
ステムリム,4599,グロース
BRANU,460A,グロース
大日本塗料,4611,プライム
日本ペイントホールディングス,4612,プライム
関西ペイント,4613,プライム
神東塗料,4615,スタンダード
川上塗料,4616,スタンダード
中国塗料,4617,プライム
日本特殊塗料,4619,スタンダード
藤倉化成,4620,スタンダード
アサヒペン,4623,スタンダード
イサム塗料,4624,スタンダード
アトミクス,4625,スタンダード
太陽ホールディングス,4626,プライム
ナトコ,4627,スタンダード
エスケー化研,4628,スタンダード
大伸化学,4629,スタンダード
FUNDINNO,462A,グロース
DIC,4631,プライム
サカタインクス,4633,プライム
artience,4634,プライム
東京インキ,4635,スタンダード
インテリックスホールディングス,463A,スタンダード
アルプス技研,4641,プライム
オリジナル設計,4642,スタンダード
イマジニア,4644,スタンダード
市進ホールディングス,4645,スタンダード
QPSホールディングス,464A,グロース
SDエンターテイメント,4650,スタンダード
サニックスホールディングス,4651,スタンダード
環境管理センター,4657,スタンダード
日本空調サービス,4658,プライム
オリエンタルランド,4661,プライム
フォーカスシステムズ,4662,プライム
アール・エス・シー,4664,スタンダード
ダスキン,4665,プライム
パーク24,4666,プライム
アイサンテクノロジー,4667,スタンダード
明光ネットワークジャパン,4668,プライム
ファルコホールディングス,4671,スタンダード
川崎地質,4673,スタンダード
クレスコ,4674,プライム
フジ・メディア・ホールディングス,4676,プライム
秀英予備校,4678,スタンダード
田谷,4679,スタンダード
ラウンドワン,4680,プライム
リゾートトラスト,4681,プライム
オービック,4684,プライム
菱友システムズ,4685,スタンダード
ジャストシステム,4686,プライム
TDCソフト,4687,プライム
LINEヤフー,4689,プライム
ワシントンホテル,4691,スタンダード
ビー・エム・エル,4694,プライム
フィットクルー,469A,グロース
トレンドマイクロ,4704,プライム
クリップコーポレーション,4705,スタンダード
キタック,4707,スタンダード
IDホールディングス,4709,プライム
KeyHolder,4712,スタンダード
リソー教育グループ,4714,プライム
日本オラクル,4716,スタンダード
早稲田アカデミー,4718,プライム
アルファシステムズ,4719,プライム
NSグループ,471A,プライム
城南進学研究社,4720,スタンダード
フューチャー,4722,プライム
CAC Holdings,4725,プライム
トーセ,4728,スタンダード
ミラティブ,472A,グロース
ユー・エス・エス,4732,プライム
オービックビジネスコンサルタント,4733,プライム
京進,4735,スタンダード
日本ラッド,4736,スタンダード
アイティフォー,4743,プライム
東計電算,4746,スタンダード
ダイサン,4750,スタンダード
サイバーエージェント,4751,プライム
昭和システムエンジニアリング,4752,スタンダード
トスネット,4754,スタンダード
楽天グループ,4755,プライム
ギミック,475A,スタンダード
アルファ,4760,スタンダード
さくらケーシーエス,4761,スタンダード
エックスネット,4762,スタンダード
クリーク・アンド・リバー社,4763,プライム
SBIグローバルアセットマネジメント,4765,プライム
ピーエイ,4766,スタンダード
テー・オー・ダブリュー,4767,スタンダード
大塚商会,4768,プライム
IC,4769,スタンダード
辻・本郷ITコンサルティング,476A,スタンダード
エフアンドエム,4771,スタンダード
SM ENTERTAINMENT JAPAN,4772,グロース
サイボウズ,4776,プライム
ガーラ,4777,スタンダード
スタートライン,477A,グロース
NCD,4783,スタンダード
GMOインターネット,4784,プライム
フツパー,478A,グロース
山田コンサルティンググループ,4792,プライム
PRONI,479A,グロース
オリコン,4800,スタンダード
セントラルスポーツ,4801,プライム
パラカ,4809,プライム
リブ・コンサルティング,480A,グロース
ドリーム・アーツ,4811,グロース
電通総研,4812,プライム
ACCESS,4813,プライム
ネクストウェア,4814,スタンダード
東映アニメーション,4816,スタンダード
デジタルガレージ,4819,プライム
イーエムシステムズ,4820,プライム
ウェザーニューズ,4825,プライム
CIJ,4826,プライム
ビジネスエンジニアリング,4828,プライム
日本エンタープライズ,4829,スタンダード
JFEシステムズ,4832,スタンダード
Def consulting,4833,グロース
スペースシャワーSKIYAKIホールディングス,4838,スタンダード
WOWOW,4839,プライム
テラテクノロジー,483A,スタンダード
トライアイズ,4840,スタンダード
スカラ,4845,スタンダード
インテリジェント ウェイブ,4847,プライム
フルキャストホールディングス,4848,プライム
エン,4849,プライム
パワーエックス,485A,グロース
メディシノバ・インク,4875,スタンダード（外国株式）
セルソース,4880,スタンダード
ファンペップ,4881,グロース
ペルセウスプロテオミクス,4882,グロース
モダリス,4883,グロース
クリングルファーマ,4884,グロース
室町ケミカル,4885,スタンダード
あすか製薬ホールディングス,4886,プライム
サワイグループホールディングス,4887,プライム
ステラファーマ,4888,グロース
レナサイエンス,4889,グロース
坪田ラボ,4890,グロース
ティムス,4891,グロース
サイフューズ,4892,グロース
ノイルイミューン・バイオテック,4893,グロース
クオリプス,4894,グロース
ケイファーマ,4896,グロース
富士フイルムホールディングス,4901,プライム
コニカミノルタ,4902,プライム
資生堂,4911,プライム
ライオン,4912,プライム
高砂香料工業,4914,プライム
アイビー化粧品,4918,スタンダード
ミルボン,4919,プライム
日本色材工業研究所,4920,スタンダード
コーセーホールディングス,4922,プライム
コタ,4923,プライム
ハーバー研究所,4925,スタンダード
シーボン,4926,スタンダード
ポーラ・オルビスホールディングス,4927,プライム
ノエビアホールディングス,4928,プライム
アジュバンホールディングス,4929,スタンダード
新日本製薬,4931,プライム
アルマード,4932,スタンダード
I-ne,4933,プライム
プレミアアンチエイジング,4934,グロース
リベルタ,4935,スタンダード
アクシージア,4936,スタンダード
Waqoo,4937,グロース
エステー,4951,プライム
コニシ,4956,プライム
長谷川香料,4958,プライム
ケミプロ化成,4960,スタンダード
上村工業,4966,スタンダード
小林製薬,4967,プライム
荒川化学工業,4968,プライム
東洋合成工業,4970,スタンダード
メック,4971,プライム
綜研化学,4972,スタンダード
日本高純度化学,4973,プライム
JCU,4975,プライム
東洋ドライルーブ,4976,スタンダード
新田ゼラチン,4977,スタンダード
リプロセル,4978,グロース
OATアグリオ,4979,スタンダード
デクセリアルズ,4980,プライム
アース製薬,4985,プライム
昭和化学工業,4990,スタンダード
北興化学工業,4992,スタンダード
大成ラミックグループ,4994,スタンダード
クミアイ化学工業,4996,プライム
日本農薬,4997,プライム
フマキラー,4998,スタンダード
TOブックス,500A,スタンダード
日本精蝋,5010,スタンダード
ニチレキグループ,5011,プライム
ユシロ,5013,スタンダード
ビーピー・カストロール,5015,スタンダード
JX金属,5016,プライム
MORESCO,5018,スタンダード
出光興産,5019,プライム
ENEOSホールディングス,5020,プライム
コスモエネルギーホールディングス,5021,プライム
マーキュリー,5025,グロース
トリプルアイズ,5026,グロース
AnyMind Group,5027,グロース
セカンドサイトアナリティカ,5028,グロース
サークレイス,5029,グロース
モイ,5031,グロース
ANYCOLOR,5032,プライム
ヌーラボ,5033,グロース
unerry,5034,グロース
HOUSEI,5035,グロース
日本ビジネスシステムズ,5036,プライム
eWeLL,5038,グロース
イノバセル,504A,グロース
ギークリー,505A,スタンダード
ヴィス,5071,スタンダード
テスホールディングス,5074,プライム
インフロニア・ホールディングス,5076,プライム
インフロニア・ホールディングス第1回社債型種類株式,50765,プライム
セレコーポレーション,5078,スタンダード
ノバック,5079,スタンダード
横浜ゴム,5101,プライム
TOYO TIRE,5105,プライム
ブリヂストン,5108,プライム
住友ゴム工業,5110,プライム
藤倉コンポジット,5121,プライム
オカモト,5122,プライム
ファインズ,5125,グロース
ポーターズ,5126,グロース
FIXER,5129,グロース
リンカーズ,5131,グロース
pluszero,5132,グロース
テリロジーホールディングス,5133,スタンダード
POPER,5134,グロース
tripla,5136,グロース
スマートドライブ,5137,グロース
Rebase,5138,グロース
オープンワーク,5139,グロース
アキレス,5142,プライム
西川ゴム工業,5161,スタンダード
朝日ラバー,5162,スタンダード
ニチリン,5184,スタンダード
フコク,5185,プライム
ニッタ,5186,プライム
クリエートメディック,5187,スタンダード
櫻護謨,5189,スタンダード
三ツ星ベルト,5192,プライム
相模ゴム工業,5194,スタンダード
バンドー化学,5195,プライム
不二ラテックス,5199,スタンダード
ベーシック,519A,グロース
AGC,5201,プライム
日本板硝子,5202,プライム
石塚硝子,5204,スタンダード
有沢製作所,5208,プライム
ジェイファーマ,520A,グロース
日本山村硝子,5210,スタンダード
日本電気硝子,5214,プライム
倉元製作所,5216,スタンダード
オハラ,5218,スタンダード
住友大阪セメント,5232,プライム
太平洋セメント,5233,プライム
ノザワ,5237,スタンダード
セイワホールディングス,523A,グロース
monoAI technology,5240,グロース
アイズ,5242,グロース
note,5243,グロース
jig.jp,5244,グロース
ELEMENTS,5246,グロース
BTM,5247,グロース
テクノロジーズ,5248,グロース
GMOプライム・ストラテジー,5250,スタンダード
日本ナレッジ,5252,グロース
カバー,5253,グロース
Arent,5254,グロース
モンスターラボ,5255,グロース
Fusic,5256,グロース
ノバシステム,5257,スタンダード
トランザクション・メディア・ネットワークス,5258,グロース
リソルホールディングス,5261,プライム
日本ヒューム,5262,プライム
旭コンクリート工業,5268,スタンダード
日本コンクリート工業,5269,プライム
トーヨーアサノ,5271,スタンダード
三谷セキサン,5273,スタンダード
日本興業,5279,スタンダード
ヨシコン,5280,スタンダード
ジオスター,5282,スタンダード
高見澤,5283,スタンダード
ヤマウホールディングス,5284,スタンダード
ヤマックス,5285,スタンダード
イトーヨーギョー,5287,スタンダード
アジアパイルホールディングス,5288,プライム
ベルテクスコーポレーション,5290,スタンダード
東海カーボン,5301,プライム
日本カーボン,5302,プライム
SECカーボン,5304,スタンダード
東洋炭素,5310,プライム
ノリタケ,5331,プライム
TOTO,5332,プライム
NGK,5333,プライム
日本特殊陶業,5334,プライム
ダントーホールディングス,5337,スタンダード
ASAHI EITOホールディングス,5341,スタンダード
MARUWA,5344,プライム
品川リフラ,5351,プライム
日本坩堝,5355,スタンダード
美濃窯業,5356,スタンダード
ヨータイ,5357,プライム
東京窯業,5363,スタンダード
ニッカトー,5367,スタンダード
日本インシュレーション,5368,スタンダード
新東,5380,スタンダード
マイポックス,5381,スタンダード
フジミインコーポレーテッド,5384,プライム
クニミネ工業,5388,スタンダード
エーアンドエーマテリアル,5391,スタンダード
ニチアス,5393,プライム
日本製鉄,5401,プライム
神戸製鋼所,5406,プライム
中山製鋼所,5408,プライム
合同製鐵,5410,プライム
JFEホールディングス,5411,プライム
東京製鐵,5423,プライム
ビタブリッドジャパン,542A,グロース
ARCHION,543A,プライム
共英製鋼,5440,プライム
大和工業,5444,プライム
東京鐵鋼,5445,プライム
北越メタル,5446,スタンダード
大阪製鐵,5449,スタンダード
GMSグループ,544A,プライム
ヨドコウ,5451,プライム
高砂鐵工,5458,スタンダード
トランヴィア,545A,プライム
中部鋼鈑,5461,プライム
丸一鋼管,5463,プライム
モリ工業,5464,スタンダード
MIRAINIホールディングス,546A,プライム
大同特殊鋼,5471,プライム
ムニノバホールディングス,547A,プライム
日本冶金工業,5480,プライム
愛知製鋼,5482,プライム
東北特殊鋼,5484,スタンダード
システムエグゼ,548A,スタンダード
日本金属,5491,スタンダード
ヒトトヒトホールディングス,549A,スタンダード
ソフトテックス,550A,スタンダード
property technologies,5527,グロース
リアルゲイト,5532,グロース
エリッツホールディングス,5533,スタンダード
ミガロホールディングス,5535,プライム
AlbaLink,5537,グロース
大平洋金属,5541,プライム
新報国マテリアル,5542,スタンダード
バトンズ,554A,グロース
新日本電工,5563,プライム
犬猫生活,556A,グロース
ジェノバ,5570,グロース
エキサイトホールディングス,5571,スタンダード
Ridge-i,5572,グロース
ABEJA,5574,グロース
Globee,5575,グロース
オービーシステム,5576,スタンダード
ARアドバンストテクノロジ,5578,グロース
プロディライト,5580,グロース
グリッド,5582,グロース
Laboro.AI,5586,グロース
インバウンドプラットフォーム,5587,グロース
ファーストアカウンティング,5588,グロース
オートサーバー,5589,スタンダード
SQUEEZE,558A,グロース
ネットスターズ,5590,グロース
AVILEN,5591,グロース
くすりの窓口,5592,グロース
ブルーイノベーション,5597,グロース
S&J,5599,グロース
梅乃宿酒造,559A,スタンダード
栗本鐵工所,5602,プライム
虹技,5603,スタンダード
日本鋳造,5609,スタンダード
日本鋳鉄管,5612,スタンダード
雨風太陽,5616,グロース
ナイル,5618,グロース
マーソ,5619,グロース
ヒューマンテクノロジーズ,5621,グロース
日本製鋼所,5631,プライム
三菱製鋼,5632,プライム
メタルアート,5644,スタンダード
日亜鋼業,5658,スタンダード
日本精線,5659,プライム
パウダーテック,5695,スタンダード
サンユウ,5697,スタンダード
エンビプロ・ホールディングス,5698,スタンダード
イボキン,5699,スタンダード
大紀アルミニウム工業所,5702,プライム
日本軽金属ホールディングス,5703,プライム
JMC,5704,スタンダード
三井金属,5706,プライム
東邦亜鉛,5707,プライム
三菱マテリアル,5711,プライム
住友金属鉱山,5713,プライム
DOWAホールディングス,5714,プライム
古河機械金属,5715,プライム
エスクリプトエナジー,5721,スタンダード
アサカ理研,5724,スタンダード
大阪チタニウムテクノロジーズ,5726,プライム
日本精鉱,5729,スタンダード
UACJ,5741,プライム
エヌアイシ・オートテック,5742,スタンダード
日本伸銅,5753,スタンダード
CKサンエツ,5757,プライム
前澤ホールディングス,575A,プライム
古河電気工業,5801,プライム
住友電気工業,5802,プライム
フジクラ,5803,プライム
SWCC,5805,プライム
オーナンバ,5816,スタンダード
JMACS,5817,スタンダード
カナレ電気,5819,スタンダード
GO,581A,グロース
三ッ星,5820,スタンダード
平河ヒューテック,5821,プライム
いよぎんホールディングス,5830,プライム
しずおかフィナンシャルグループ,5831,プライム
ちゅうぎんフィナンシャルグループ,5832,プライム
SBIリーシングサービス,5834,グロース
楽天銀行,5838,プライム
インテグラル,5842,グロース
ニッポンインシュア,5843,スタンダード
京都フィナンシャルグループ,5844,プライム
全保連,5845,スタンダード
LiNKX,584A,グロース
リョービ,5851,プライム
アーレスティ,5852,プライム
AREホールディングス,5857,プライム
STG,5858,グロース
エスネットワークス,5867,グロース
ロココ,5868,スタンダード
早稲田学習研究会,5869,スタンダード
ナルネットコミュニケーションズ,5870,グロース
SOLIZE Holdings,5871,スタンダード
クラダシ,5884,グロース
ジーデップ・アドバンス,5885,スタンダード
DAIWA CYCLE,5888,グロース
Japan Eyewear Holdings,5889,プライム
SAKIGAKEホールディングス,5891,スタンダード
yutori,5892,グロース
ネイス,589A,グロース
ダイケン,5900,スタンダード
東洋製罐グループホールディングス,5901,プライム
ホッカンホールディングス,5902,プライム
日本製罐,5905,スタンダード
エムケー精工,5906,スタンダード
コロナ,5909,スタンダード
ギフティグループ,590A,プライム
横河ブリッジホールディングス,5911,プライム
駒井ハルテック,5915,スタンダード
瀧上工業,5918,スタンダード
川岸工業,5921,スタンダード
那須電機鉄工,5922,スタンダード
高田機工,5923,スタンダード
アルメタックス,5928,スタンダード
三和ホールディングス,5929,プライム
文化シヤッター,5930,プライム
三協立山,5932,プライム
アルインコ,5933,プライム
東洋シヤッター,5936,スタンダード
LIXIL,5938,プライム
大谷工業,5939,スタンダード
ティアフォー,593A,グロース
不二サッシ,5940,スタンダード
中西製作所,5941,スタンダード
日本フイルコン,5942,スタンダード
ノーリツ,5943,プライム
天龍製鋸,5945,スタンダード
長府製作所,5946,プライム
リンナイ,5947,プライム
ユニプレス,5949,プライム
日本パワーファスニング,5950,スタンダード
ダイニチ工業,5951,スタンダード
アマテイ,5952,スタンダード
ワイズホールディングス,5955,スタンダード
トーソー,5956,スタンダード
日東精工,5957,プライム
三洋工業,5958,スタンダード
岡部,5959,プライム
浅香工業,5962,スタンダード
フジマック,5965,スタンダード
京都機械工具,5966,スタンダード
TONE,5967,スタンダード
ロブテックス,5969,スタンダード
ジーテクト,5970,プライム
共和工業所,5971,スタンダード
トーアミ,5973,スタンダード
中国工業,5974,スタンダード
東プレ,5975,プライム
高周波熱錬,5976,プライム
東京製綱,5981,プライム
マルゼン,5982,スタンダード
イワブチ,5983,スタンダード
兼房,5984,スタンダード
サンコール,5985,スタンダード
モリテック スチール,5986,スタンダード
オーネックス,5987,スタンダード
パイオラックス,5988,プライム
エイチワン,5989,プライム
チャットプラス,598A,グロース
スーパーツール,5990,スタンダード
日本発條,5991,プライム
中央発條,5992,スタンダード
ファインシンター,5994,スタンダード
協立エアテック,5997,スタンダード
アドバネクス,5998,スタンダード
三浦工業,6005,プライム
タクマ,6013,プライム
ジャパンエンジンコーポレーション,6016,スタンダード
阪神内燃機工業,6018,スタンダード
赤阪鐵工所,6022,スタンダード
ダイハツインフィニアース,6023,スタンダード
弁護士ドットコム,6027,プライム
アトラグループ,6029,スタンダード
アドベンチャー,6030,グロース
ZETA,6031,グロース
エクストリーム,6033,グロース
MRT,6034,グロース
アイ・アールジャパンホールディングス,6035,スタンダード
KeePer技研,6036,プライム
楽待,6037,スタンダード
イード,6038,グロース
日本動物高度医療センター,6039,グロース
アイ・グリッド・ソリューションズ,603A,グロース
日本スキー場開発,6040,グロース
ニッキ,6042,スタンダード
三機サービス,6044,スタンダード
レントラックス,6045,グロース
リンクバル,6046,スタンダード
Gunosy,6047,スタンダード
イトクロ,6049,グロース
ビーエイブル,604A,スタンダード
イー・ガーディアン,6050,プライム
リブセンス,6054,スタンダード
ジャパンマテリアル,6055,プライム
ベクトル,6058,プライム
ウチヤマホールディングス,6059,スタンダード
ユニバーサル園芸社,6061,スタンダード
チャーム・ケア・コーポレーション,6062,プライム
日本エマージェンシーアシスタンス,6063,スタンダード
トレンダーズ,6069,グロース
キャリアリンク,6070,プライム
IBJ,6071,プライム
地盤ネットホールディングス,6072,スタンダード
アサンテ,6073,プライム
ジェイエスエス,6074,スタンダード
バリューHR,6078,プライム
エブリー,607A,グロース
M&Aキャピタルパートナーズ,6080,プライム
アライドアーキテクツ,6081,グロース
ライドオンエクスプレスホールディングス,6082,スタンダード
ERIホールディングス,6083,スタンダード
アーキテクツ・スタジオ・ジャパン,6085,グロース
シンメンテホールディングス,6086,グロース
アビスト,6087,スタンダード
シグマクシス・ホールディングス,6088,プライム
ウィルグループ,6089,プライム
ヒューマン・メタボローム・テクノロジーズ,6090,スタンダード
ウエスコホールディングス,6091,スタンダード
エンバイオ・ホールディングス,6092,スタンダード
ミトラグループ,6093,スタンダード
フリークアウト・ホールディングス,6094,グロース
リクルートホールディングス,6098,プライム
エラン,6099,プライム
ツガミ,6101,プライム
オークマ,6103,プライム
芝浦機械,6104,プライム
アマダ,6113,プライム
アイダエンジニアリング,6118,プライム
岡本工作機械製作所,6125,スタンダード
FUJI,6134,プライム
牧野フライス製作所,6135,プライム
オーエスジー,6136,プライム
小池酸素工業,6137,スタンダード
ダイジェット工業,6138,スタンダード
旭ダイヤモンド工業,6140,プライム
DMG森精機,6141,プライム
ソディック,6143,プライム
西部電機,6144,スタンダード
NITTOKU,6145,スタンダード
ディスコ,6146,プライム
ヤマザキ,6147,スタンダード
小田原エンジニアリング,6149,スタンダード
タケダ機械,6150,スタンダード
日東工器,6151,プライム
高松機械工業,6155,スタンダード
エーワン精密,6156,スタンダード
日進工具,6157,スタンダード
和井田製作所,6158,スタンダード
ミクロン精密,6159,スタンダード
エスティック,6161,スタンダード
パンチ工業,6165,スタンダード
中村超硬,6166,グロース
冨士ダイス,6167,プライム
土木管理総合試験所,6171,スタンダード
ブランジスタ,6176,スタンダード
AppBank,6177,グロース
日本郵政,6178,プライム
GMOメディア,6180,グロース
タメニー,6181,グロース
メタリアル,6182,グロース
ベルシステム24ホールディングス,6183,プライム
鎌倉新書,6184,プライム
SMN,6185,スタンダード
一蔵,6186,スタンダード
グローバルキッズCOMPANY,6189,スタンダード
フェニックスバイオ,6190,グロース
エアトリ,6191,プライム
バーチャレクス・ホールディングス,6193,グロース
アトラエ,6194,プライム
ホープ,6195,グロース
ストライクグループ,6196,プライム
キャリア,6198,グロース
セラク,6199,スタンダード
インソース,6200,プライム
豊和工業,6203,スタンダード
石川製作所,6208,スタンダード
リケンNPR,6209,プライム
津田駒工業,6217,スタンダード
エンシュウ,6218,スタンダード
島精機製作所,6222,プライム
西部技研,6223,スタンダード
JRC,6224,グロース
守谷輸送機工業,6226,スタンダード
AIメカテック,6227,スタンダード
ジェイ・イー・ティ,6228,スタンダード
オーケーエム,6229,スタンダード
SANEI,6230,スタンダード
木村工機,6231,スタンダード
ACSL,6232,グロース
KLASS,6233,スタンダード
オプトラン,6235,プライム
イワキポンプ,6237,プライム
フリュー,6238,プライム
ナガオカ,6239,スタンダード
ヤマシンフィルタ,6240,プライム
ヒラノテクシード,6245,スタンダード
テクノスマート,6246,スタンダード
日阪製作所,6247,プライム
横田製作所,6248,スタンダード
ゲームカードホールディングス,6249,スタンダード
やまびこ,6250,プライム
野村マイクロ・サイエンス,6254,プライム
エヌ・ピー・シー,6255,グロース
藤商事,6257,スタンダード
平田機工,6258,プライム
PEGASUS,6262,スタンダード
マルマエ,6264,プライム
コンバム,6265,スタンダード
タツモ,6266,プライム
ゼネラルパッカー,6267,スタンダード
ナブテスコ,6268,プライム
三井海洋開発,6269,プライム
レオン自動機,6272,プライム
SMC,6273,プライム
シリウスビジョン,6276,スタンダード
ホソカワミクロン,6277,プライム
ユニオンツール,6278,プライム
瑞光,6279,プライム
オイレス工業,6282,プライム
日精エー・エス・ビー機械,6284,プライム
靜甲,6286,スタンダード
サトー,6287,プライム
技研製作所,6289,プライム
日本エアーテック,6291,スタンダード
カワタ,6292,スタンダード
オカダアイヨン,6294,プライム
ワイエイシイホールディングス,6298,プライム
小松製作所,6301,プライム
住友重機械工業,6302,プライム
日立建機,6305,プライム
日工,6306,プライム
サンセイ,6307,スタンダード
巴工業,6309,プライム
井関農機,6310,プライム
TOWA,6315,プライム
丸山製作所,6316,スタンダード
北川鉄工所,6317,スタンダード
タクミナ,6322,スタンダード
ローツェ,6323,プライム
ハーモニック・ドライブ・システムズ,6324,プライム
タカキタ,6325,スタンダード
クボタ,6326,プライム
北川精機,6327,スタンダード
荏原実業,6328,プライム
東洋エンジニアリング,6330,プライム
三菱化工機,6331,プライム
月島ホールディングス,6332,プライム
TEIKOKU,6333,プライム
明治機械,6334,スタンダード
東京機械製作所,6335,スタンダード
石井表記,6336,スタンダード
テセック,6337,スタンダード
タカトリ,6338,スタンダード
新東工業,6339,プライム
澁谷工業,6340,プライム
太平製作所,6342,スタンダード
フリージア・マクロス,6343,スタンダード
アイチ コーポレーション,6345,プライム
キクカワエンタープライズ,6346,スタンダード
プラコー,6347,スタンダード
小森コーポレーション,6349,プライム
鶴見製作所,6351,プライム
日本ギア工業,6356,スタンダード
三精テクノロジーズ,6357,スタンダード
酒井重工業,6358,プライム
東京自働機械製作所,6360,スタンダード
荏原製作所,6361,プライム
酉島製作所,6363,プライム
AIRMAN,6364,プライム
電業社機械製作所,6365,スタンダード
千代田化工建設,6366,スタンダード
ダイキン工業,6367,プライム
オルガノ,6368,プライム
トーヨーカネツ,6369,プライム
栗田工業,6370,プライム
椿本チエイン,6371,プライム
日機装,6376,プライム
木村化工機,6378,スタンダード
レイズネクスト,6379,プライム
オリエンタルチエン工業,6380,スタンダード
アネスト岩田,6381,プライム
トリニティ工業,6382,スタンダード
ダイフク,6383,プライム
昭和真空,6384,スタンダード
サムコ,6387,プライム
加藤製作所,6390,プライム
加地テック,6391,スタンダード
ヤマダコーポレーション,6392,スタンダード
油研工業,6393,スタンダード
タダノ,6395,プライム
宇野澤組鐵工所,6396,スタンダード
不二精機,6400,スタンダード
兼松エンジニアリング,6402,スタンダード
鈴茂器工,6405,スタンダード
CKD,6407,プライム
小倉クラッチ,6408,スタンダード
平和,6412,プライム
理想科学工業,6413,プライム
SANKYO,6417,プライム
日本金銭機械,6418,プライム
マースグループホールディングス,6419,プライム
ガリレイホールディングス,6420,プライム
高見沢サイバネティックス,6424,スタンダード
ユニバーサルエンターテインメント,6425,スタンダード
オーイズミ,6428,スタンダード
ダイコク電機,6430,プライム
竹内製作所,6432,プライム
ヒーハイスト,6433,スタンダード
アマノ,6436,プライム
JUKI,6440,プライム
サンデン,6444,スタンダード
ジャノメ,6445,プライム
ブラザー工業,6448,プライム
マックス,6454,プライム
モリタホールディングス,6455,プライム
グローリー,6457,プライム
新晃工業,6458,プライム
だいわ,6459,プライム
セガサミーホールディングス,6460,プライム
TPR,6463,プライム
ツバキ・ナカシマ,6464,プライム
ホシザキ,6465,プライム
TVE,6466,スタンダード
ニチダイ,6467,スタンダード
放電精密加工研究所,6469,スタンダード
大豊工業,6470,スタンダード
日本精工,6471,プライム
NTN,6472,プライム
ジェイテクト,6473,プライム
不二越,6474,プライム
ミネベアミツミ,6479,プライム
日本トムソン,6480,プライム
THK,6481,プライム
YUSHIN,6482,スタンダード
KVK,6484,スタンダード
前澤給装工業,6485,スタンダード
イーグル工業,6486,プライム
ヨシタケ,6488,スタンダード
PILLAR,6490,プライム
岡野バルブ製造,6492,スタンダード
NITTAN,6493,スタンダード
NFKホールディングス,6494,スタンダード
宮入バルブ製作所,6495,スタンダード
中北製作所,6496,スタンダード
ハマイ,6497,スタンダード
キッツ,6498,プライム
日立製作所,6501,プライム
三菱電機,6503,プライム
富士電機,6504,プライム
東洋電機製造,6505,スタンダード
安川電機,6506,プライム
シンフォニアテクノロジー,6507,プライム
明電舎,6508,プライム
オリジン,6513,スタンダード
山洋電気,6516,プライム
デンヨー,6517,プライム
三相電機,6518,スタンダード
オキサイド,6521,グロース
アスタリスク,6522,グロース
PHCホールディングス,6523,プライム
湖北工業,6524,スタンダード
KOKUSAI ELECTRIC,6525,プライム
ソシオネクスト,6526,プライム
ベイカレント,6532,プライム
Orchestra Holdings,6533,プライム
アイモバイル,6535,プライム
WASHハウス,6537,グロース
ディスラプターズ,6538,スタンダード
MS-Japan,6539,プライム
船場,6540,スタンダード
日宣,6543,スタンダード
ジャパンエレベーターサービスホールディングス,6544,プライム
インターネットインフィニティー,6545,グロース
フルテック,6546,スタンダード
グリーンズ,6547,スタンダード
旅工房,6548,グロース
ディーエムソリューションズ,6549,スタンダード
ツナググループ・ホールディングス,6551,スタンダード
GameWith,6552,スタンダード
エスユーエス,6554,グロース
MS&Consulting,6555,スタンダード
AIAIグループ,6557,グロース
クックビズ,6558,グロース
エル・ティー・エス,6560,プライム
HANATOUR JAPAN,6561,グロース
ジーニー,6562,グロース
みらいワークス,6563,グロース
ミダックホールディングス,6564,プライム
要興業,6566,スタンダード
神戸天然物化学,6568,グロース
共和コーポレーション,6570,スタンダード
キュービーネットホールディングス,6571,プライム
オープングループ,6572,プライム
CRAVIA,6573,グロース
コンヴァノ,6574,グロース
ベストワンドットコム,6577,グロース
コレックホールディングス,6578,スタンダード
ログリー,6579,グロース
ライトアップ,6580,グロース
三櫻工業,6584,プライム
マキタ,6586,プライム
東芝テック,6588,プライム
芝浦メカトロニクス,6590,プライム
マブチモーター,6592,プライム
ニデック,6594,プライム
HPCシステムズ,6597,グロース
エブレン,6599,スタンダード
バルミューダ,6612,グロース
QDレーザ,6613,グロース
シキノハイテック,6614,スタンダード
ユー・エム・シー・エレクトロニクス,6615,プライム
トレックス・セミコンダクター,6616,プライム
東光高岳,6617,プライム
ダブル・スコープ,6619,プライム
宮越ホールディングス,6620,プライム
ダイヘン,6622,プライム
JALCOホールディングス,6625,スタンダード
SEMITEC,6626,スタンダード
テラプローブ,6627,スタンダード
テクノホライゾン,6629,スタンダード
ヤーマン,6630,プライム
JVCケンウッド,6632,プライム
CGSホールディングス,6633,スタンダード
JNグループ,6634,スタンダード
大日光・エンジニアリング,6635,スタンダード
寺崎電気産業,6637,スタンダード
ミマキエンジニアリング,6638,プライム
戸上電機製作所,6643,スタンダード
大崎電気工業,6644,プライム
オムロン,6645,プライム
森尾電機,6647,スタンダード
かわでん,6648,スタンダード
日東工業,6651,プライム
IDEC,6652,プライム
正興電機製作所,6653,プライム
不二電機工業,6654,スタンダード
インスペック,6656,スタンダード
シライ電子工業,6658,スタンダード
メディアリンクス,6659,スタンダード
ユビテック,6662,スタンダード
太洋テクノレックス,6663,スタンダード
オプトエレクトロニクス,6664,スタンダード
リバーエレテック,6666,スタンダード
アドテック プラズマ テクノロジー,6668,スタンダード
ジーエス・ユアサ コーポレーション,6674,プライム
サクサ,6675,スタンダード
BUFFALO,6676,スタンダード
エスケーエレクトロニクス,6677,スタンダード
テクノメディカ,6678,スタンダード
ズーム,6694,スタンダード
トラース・オン・プロダクト,6696,グロース
ダイヤモンドエレクトリックホールディングス,6699,スタンダード
日本電気,6701,プライム
富士通,6702,プライム
沖電気工業,6703,プライム
電気興業,6706,プライム
サンケン電気,6707,プライム
アイホン,6718,プライム
ウインテスト,6721,スタンダード
ルネサスエレクトロニクス,6723,プライム
セイコーエプソン,6724,プライム
ワコム,6727,プライム
アルバック,6728,プライム
アクセル,6730,スタンダード
ピクセラ,6731,スタンダード
サン電子,6736,スタンダード
EIZO,6737,プライム
ジャパンディスプレイ,6740,プライム
日本信号,6741,プライム
京三製作所,6742,プライム
大同信号,6743,スタンダード
能美防災,6744,プライム
ホーチキ,6745,プライム
星和電機,6748,スタンダード
エレコム,6750,プライム
パナソニック ホールディングス,6752,プライム
シャープ,6753,プライム
アンリツ,6754,プライム
OSGコーポレーション,6757,スタンダード
ソニーグループ,6758,プライム
TDK,6762,プライム
帝国通信工業,6763,プライム
タムラ製作所,6768,プライム
ザインエレクトロニクス,6769,スタンダード
アルプスアルパイン,6770,プライム
池上通信機,6771,スタンダード
東京コスモス電機,6772,スタンダード
TBグループ,6775,スタンダード
天昇電気工業,6776,スタンダード
santec Holdings,6777,スタンダード
アルチザネットワークス,6778,スタンダード
日本電波工業,6779,プライム
鈴木,6785,プライム
RVH,6786,スタンダード
メイコー,6787,プライム
日本トリム,6788,プライム
フォスター電機,6794,プライム
名古屋電機工業,6797,スタンダード
SMK,6798,プライム
ヨコオ,6800,プライム
ティアック,6803,スタンダード
ホシデン,6804,プライム
ヒロセ電機,6806,プライム
日本航空電子工業,6807,プライム
TOA,6809,プライム
マクセル,6810,プライム
古野電気,6814,プライム
スミダコーポレーション,6817,プライム
伊豆シャボテンリゾート,6819,スタンダード
アイコム,6820,プライム
大井電気,6822,スタンダード
リオン,6823,プライム
新コスモス電機,6824,スタンダード
アオイ電子,6832,スタンダード
精工技研,6834,スタンダード
アライドテレシスホールディングス,6835,スタンダード
ぷらっとホーム,6836,スタンダード
京写,6837,スタンダード
多摩川ホールディングス,6838,スタンダード
AKIBAホールディングス,6840,スタンダード
横河電機,6841,プライム
新電元工業,6844,プライム
アズビル,6845,プライム
東亜ディーケーケー,6848,スタンダード
日本光電工業,6849,プライム
チノー,6850,プライム
共和電業,6853,スタンダード
日本電子材料,6855,スタンダード
堀場製作所,6856,プライム
アドバンテスト,6857,プライム
小野測器,6858,スタンダード
エスペック,6859,プライム
キーエンス,6861,プライム
ミナトホールディングス,6862,スタンダード
ニレコ,6863,スタンダード
エヌエフホールディングス,6864,スタンダード
日置電機,6866,プライム
リーダー電子,6867,スタンダード
シスメックス,6869,プライム
日本フェンオール,6870,スタンダード
日本マイクロニクス,6871,プライム
協立電機,6874,スタンダード
メガチップス,6875,プライム
OBARA GROUP,6877,スタンダード
三社電機製作所,6882,スタンダード
アクモス,6888,スタンダード
フェローテック,6890,スタンダード
パルステック工業,6894,スタンダード
ツインバード,6897,スタンダード
トミタ電機,6898,スタンダード
ASTI,6899,スタンダード
デンソー,6902,プライム
原田工業,6904,スタンダード
コーセル,6905,プライム
ジオマテック,6907,スタンダード
イリソ電子工業,6908,プライム
菊水ホールディングス,6912,スタンダード
オプテックスグループ,6914,プライム
千代田インテグレ,6915,スタンダード
アバールデータ,6918,スタンダード
ケル,6919,スタンダード
レーザーテック,6920,プライム
スタンレー電気,6923,プライム
ウシオ電機,6925,プライム
岡谷電機産業,6926,スタンダード
ヘリオス テクノ ホールディング,6927,スタンダード
エノモト,6928,スタンダード
日本セラミック,6929,プライム
遠藤照明,6932,スタンダード
山一電機,6941,プライム
ソフィアホールディングス,6942,スタンダード
NKKスイッチズ,6943,スタンダード
日本アビオニクス,6946,スタンダード
図研,6947,プライム
日本電子,6951,プライム
カシオ計算機,6952,プライム
ファナック,6954,プライム
FDK,6955,スタンダード
日本シイエムケイ,6958,プライム
フクダ電子,6960,スタンダード
エンプラス,6961,プライム
大真空,6962,プライム
ローム,6963,プライム
サンコー,6964,スタンダード
浜松ホトニクス,6965,プライム
三井ハイテック,6966,プライム
松尾電機,6969,スタンダード
京セラ,6971,プライム
太陽誘電,6976,プライム
日本抵抗器製作所,6977,スタンダード
村田製作所,6981,プライム
リード,6982,スタンダード
双葉電子工業,6986,プライム
日東電工,6988,プライム
北陸電気工業,6989,スタンダード
大黒屋ホールディングス,6993,スタンダード
指月電機製作所,6994,スタンダード
東海理化電機製作所,6995,プライム
ニチコン,6996,プライム
日本ケミコン,6997,プライム
日本タングステン,6998,スタンダード
KOA,6999,プライム
三井E&S,7003,プライム
カナデビア,7004,プライム
三菱重工業,7011,プライム
川崎重工業,7012,プライム
IHI,7013,プライム
名村造船所,7014,スタンダード
内海造船,7018,スタンダード
ニッチツ,7021,スタンダード
サノヤスホールディングス,7022,スタンダード
スプリックス,7030,スタンダード
インバウンドテック,7031,グロース
マネジメントソリューションズ,7033,プライム
プロレド・パートナーズ,7034,プライム
and factory,7035,スタンダード
イーエムネットジャパン,7036,グロース
テノ.ホールディングス,7037,スタンダード
フロンティア・マネジメント,7038,プライム
ブリッジインターナショナルグループ,7039,グロース
サン・ライフホールディング,7040,スタンダード
CRGホールディングス,7041,グロース
アクセスグループ・ホールディングス,7042,スタンダード
アルー,7043,グロース
ピアラ,7044,スタンダード
TDSE,7046,グロース
ポート,7047,グロース
ベルトラ,7048,グロース
識学,7049,グロース
フロンティアインターナショナル,7050,グロース
エヌ・シー・エヌ,7057,スタンダード
共栄セキュリティーサービス,7058,スタンダード
コプロ・ホールディングス,7059,プライム
ギークス,7060,スタンダード
日本ホスピスホールディングス,7061,グロース
フレアス,7062,グロース
Birdman,7063,グロース
ハウテレビジョン,7064,スタンダード
ユーピーアール,7065,スタンダード
ピアズ,7066,グロース
ブランディングテクノロジー,7067,グロース
フィードフォースグループ,7068,グロース
サイバー・バズ,7069,グロース
アンビスホールディングス,7071,プライム
インティメート・マージャー,7072,グロース
ジェイック,7073,グロース
トゥエンティーフォーセブンホールディングス,7074,グロース
QLSホールディングス,7075,グロース
ALiNKインターネット,7077,グロース
INCLUSIVE Holdings,7078,グロース
WDBココ,7079,グロース
スポーツフィールド,7080,グロース
コーユーレンティア,7081,スタンダード
ジモティー,7082,グロース
AHCグループ,7083,グロース
Smile Holdings,7084,グロース
カーブスホールディングス,7085,プライム
ウイルテック,7087,スタンダード
フォースタートアップス,7089,グロース
リグア,7090,グロース
リビングプラットフォーム,7091,グロース
アディッシュ,7093,グロース
NexTone,7094,グロース
Macbee Planet,7095,プライム
ステムセル研究所,7096,グロース
さくらさくプラス,7097,グロース
日本車輌製造,7102,プライム
クラシコム,7110,グロース
INEST,7111,スタンダード
キューブ,7112,グロース
フーディソン,7114,グロース
アルファパーチェス,7115,スタンダード
ハルメクホールディングス,7119,グロース
SHINKO,7120,スタンダード
近畿車輛,7122,スタンダード
グローバルスタイル,7126,スタンダード
一家ホールディングス,7127,スタンダード
ユニソルホールディングス,7128,プライム
ミアヘルサホールディングス,7129,スタンダード
ヤマエグループホールディングス,7130,プライム
のむら産業,7131,スタンダード
HYUGA PRIMARY CARE,7133,グロース
アップガレージグループ,7134,スタンダード
ジャパンクラフトホールディングス,7135,スタンダード
TORICO,7138,グロース
ペットゴー,7140,グロース
FPG,7148,プライム
島根銀行,7150,スタンダード
ライフネット生命保険,7157,プライム
じもとホールディングス,7161,スタンダード
アストマックス,7162,スタンダード
全国保証,7164,プライム
めぶきフィナンシャルグループ,7167,プライム
ジャパンインベストメントアドバイザー,7172,プライム
東京きらぼしフィナンシャルグループ,7173,プライム
今村証券,7175,スタンダード
GMOフィナンシャルホールディングス,7177,スタンダード
九州フィナンシャルグループ,7180,プライム
かんぽ生命保険,7181,プライム
ゆうちょ銀行,7182,プライム
あんしん保証,7183,スタンダード
富山第一銀行,7184,プライム
ヒロセ通商,7185,スタンダード
横浜フィナンシャルグループ,7186,プライム
ジェイリース,7187,プライム
西日本フィナンシャルホールディングス,7189,プライム
イントラスト,7191,スタンダード
日本モーゲージサービス,7192,スタンダード
Casa,7196,スタンダード
SBIアルヒ,7198,プライム
プレミアグループ,7199,プライム
日産自動車,7201,プライム
いすゞ自動車,7202,プライム
トヨタ自動車,7203,プライム
カネミツ,7208,スタンダード
三菱自動車工業,7211,プライム
エフテック,7212,スタンダード
レシップホールディングス,7213,スタンダード
GMB,7214,スタンダード
ファルテック,7215,スタンダード
テイン,7217,スタンダード
田中精密工業,7218,スタンダード
エッチ・ケー・エス,7219,スタンダード
武蔵精密工業,7220,プライム
日産車体,7222,スタンダード
新明和工業,7224,プライム
極東開発工業,7226,プライム
デイトナ,7228,スタンダード
トピー工業,7231,プライム
東京ラヂエーター製造,7235,スタンダード
ティラド,7236,プライム
曙ブレーキ工業,7238,プライム
タチエス,7239,プライム
NOK,7240,プライム
フタバ産業,7241,プライム
カヤバ,7242,プライム
市光工業,7244,プライム
大同メタル工業,7245,プライム
プレス工業,7246,プライム
ミクニ,7247,スタンダード
ユニバンス,7254,スタンダード
桜井製作所,7255,スタンダード
河西工業,7256,スタンダード
アイシン,7259,プライム
マツダ,7261,プライム
ムロコーポレーション,7264,スタンダード
エイケン工業,7265,スタンダード
今仙電機製作所,7266,スタンダード
本田技研工業,7267,プライム
スズキ,7269,プライム
SUBARU,7270,プライム
安永,7271,スタンダード
ヤマハ発動機,7272,プライム
イクヨ,7273,スタンダード
小糸製作所,7276,プライム
TBK,7277,スタンダード
エクセディ,7278,プライム
ハイレックスコーポレーション,7279,スタンダード
ミツバ,7280,プライム
豊田合成,7282,プライム
愛三工業,7283,プライム
盟和産業,7284,スタンダード
日本精機,7287,スタンダード
日本プラスト,7291,スタンダード
村上開明堂,7292,スタンダード
ヨロズ,7294,プライム
エフ・シー・シー,7296,プライム
カーメイト,7297,スタンダード
フジオーゼックス,7299,スタンダード
新家工業,7305,スタンダード
シマノ,7309,プライム
テイ・エス テック,7313,プライム
小田原機器,7314,スタンダード
セレンディップ・ホールディングス,7318,グロース
Solvvy,7320,グロース
三十三フィナンシャルグループ,7322,プライム
アイリックコーポレーション,7325,グロース
SBIインシュアランスグループ,7326,グロース
第四北越フィナンシャルグループ,7327,プライム
ひろぎんホールディングス,7337,プライム
ブロードマインド,7343,グロース
アイ・パートナーズフィナンシャル,7345,グロース
マーキュリアホールディングス,7347,プライム
おきなわフィナンシャルグループ,7350,プライム
グッドパッチ,7351,グロース
TWOSTONE&Sons,7352,グロース
KIYOラーニング,7353,グロース
ダイレクトマーケティングミックス,7354,スタンダード
Retty,7356,グロース
ジオコード,7357,スタンダード
ポピンズ,7358,スタンダード
東京通信グループ,7359,グロース
オンデック,7360,グロース
ヒューマンクリエイションホールディングス,7361,グロース
T.S.I,7362,グロース
ベビーカレンダー,7363,グロース
LITALICO,7366,プライム
セルム,7367,スタンダード
表示灯,7368,スタンダード
メイホーホールディングス,7369,グロース
Enjin,7370,グロース
Zenken,7371,グロース
デコルテ・ホールディングス,7372,グロース
アイドマ・ホールディングス,7373,グロース
コンフィデンス・インターワークス,7374,グロース
リファインバースグループ,7375,グロース
BCC,7376,グロース
DNホールディングス,7377,スタンダード
アシロ,7378,グロース
十六フィナンシャルグループ,7380,プライム
CCIグループ,7381,プライム
ネットプロテクションズホールディングス,7383,プライム
プロクレアホールディングス,7384,プライム
FPパートナー,7388,プライム
あいちフィナンシャルグループ,7389,プライム
ナンシン,7399,スタンダード
AeroEdge,7409,グロース
アトム,7412,スタンダード
創健社,7413,スタンダード
小野建,7414,プライム
はるやまホールディングス,7416,スタンダード
南陽,7417,スタンダード
ノジマ,7419,プライム
カッパ・クリエイト,7421,プライム
東邦レマック,7422,スタンダード
初穂商事,7425,スタンダード
山大,7426,スタンダード
エコートレーディング,7427,スタンダード
伯東,7433,プライム
オータケ,7434,スタンダード
ナ・デックス,7435,スタンダード
コンドーテック,7438,プライム
中山福,7442,スタンダード
横浜魚類,7443,スタンダード
ハリマ共和物産,7444,スタンダード
東北化学薬品,7446,スタンダード
ナガイレーベン,7447,プライム
良品計画,7453,プライム
松田産業,7456,プライム
第一興商,7458,プライム
メディパルホールディングス,7459,プライム
ヤギ,7460,スタンダード
キムラ,7461,スタンダード
CAPITA,7462,スタンダード
アドヴァングループ,7463,スタンダード
セフテック,7464,スタンダード
SPK,7466,プライム
鳥羽洋行,7472,スタンダード
アルビス,7475,プライム
アズワン,7476,プライム
ムラキ,7477,スタンダード
スズデン,7480,スタンダード
尾家産業,7481,スタンダード
シモジマ,7482,プライム
ドウシシャ,7483,プライム
サンリン,7486,スタンダード
小津産業,7487,スタンダード
日新商事,7490,スタンダード
コナカ,7494,スタンダード
西川計測,7500,スタンダード
ティムコ,7501,スタンダード
プラザホールディングス,7502,スタンダード
高速,7504,プライム
扶桑電通,7505,スタンダード
ハウス オブ ローゼ,7506,スタンダード
G‐7ホールディングス,7508,プライム
アイエーグループ,7509,スタンダード
たけびし,7510,プライム
イオン北海道,7512,スタンダード
コジマ,7513,プライム
ヒマラヤ,7514,スタンダード
マルヨシセンター,7515,スタンダード
コーナン商事,7516,プライム
エコス,7520,プライム
ムサシ,7521,スタンダード
ワタミ,7522,プライム
アールビバン,7523,スタンダード
マルシェ,7524,スタンダード
リックス,7525,プライム
システムソフト,7527,スタンダード
清和中央ホールディングス,7531,スタンダード
パン・パシフィック・インターナショナルホールディングス,7532,プライム
丸文,7537,プライム
大水,7538,スタンダード
アイナボホールディングス,7539,スタンダード
スリーエフ,7544,スタンダード
西松屋チェーン,7545,プライム
ゼンショーホールディングス,7550,プライム
ゼンショーホールディングス第1回社債型種類株式,75505,プライム
ウェッズ,7551,スタンダード
ハピネット,7552,プライム
幸楽苑,7554,プライム
大田花き,7555,スタンダード
ハークスレイホールディングス,7561,スタンダード
安楽亭,7562,スタンダード
ワークマン,7564,スタンダード
萬世電機,7565,スタンダード
栄電子,7567,スタンダード
橋本総業ホールディングス,7570,スタンダード
ヤマノホールディングス,7571,スタンダード
日本ライフライン,7575,プライム
ニチリョク,7578,スタンダード
サイゼリヤ,7581,プライム
かんなん丸,7585,スタンダード
タカショー,7590,スタンダード
VTホールディングス,7593,プライム
アルゴグラフィックス,7595,プライム
魚力,7596,プライム
IDOM,7599,プライム
日本エム・ディ・エム,7600,プライム
ポプラ,7601,スタンダード
レダックス,7602,スタンダード
ジーイエット,7603,スタンダード
梅の花グループ,7604,スタンダード
ユナイテッドアローズ,7606,プライム
進和,7607,プライム
エスケイジャパン,7608,スタンダード
ダイトロン,7609,プライム
テイツー,7610,スタンダード
ハイデイ日高,7611,プライム
シークス,7613,プライム
オーエムツーネットワーク,7614,スタンダード
京都きもの友禅ホールディングス,7615,スタンダード
コロワイド,7616,プライム
田中商事,7619,スタンダード
うかい,7621,スタンダード
NaITO,7624,スタンダード
グローバルダイニング,7625,スタンダード
オーハシテクニカ,7628,プライム
壱番屋,7630,プライム
星医療酸器,7634,スタンダード
ハンズマン,7636,スタンダード
白銅,7637,プライム
NEW ART HOLDINGS,7638,スタンダード
トップカルチャー,7640,スタンダード
ダイイチ,7643,スタンダード
PLANT,7646,スタンダード
スギホールディングス,7649,プライム
オーウエル,7670,スタンダード
ダイコー通産,7673,スタンダード
NATTY SWANKYホールディングス,7674,グロース
ヤシマキザイ,7677,スタンダード
あさくま,7678,スタンダード
薬王堂ホールディングス,7679,プライム
レオクラン,7681,スタンダード
浜木綿,7682,スタンダード
ダブルエー,7683,プライム
BuySell Technologies,7685,グロース
ひとまいる,7686,スタンダード
ミクリード,7687,グロース
コパ・コーポレーション,7689,グロース
アースインフィニティ,7692,スタンダード
いつも,7694,グロース
交換できるくん,7695,グロース
アイスコ,7698,スタンダード
オムニ・プラス・システム・リミテッド JDR,7699,グロース（外国株式）
島津製作所,7701,プライム
JMS,7702,スタンダード
プレシジョン・システム・サイエンス,7707,グロース
クボテック,7709,スタンダード
助川電気工業,7711,スタンダード
シグマ光機,7713,スタンダード
長野計器,7715,プライム
ナカニシ,7716,スタンダード
ブイ・テクノロジー,7717,プライム
東京衡機,7719,スタンダード
東京計器,7721,プライム
国際計測器,7722,スタンダード
愛知時計電機,7723,プライム
インターアクション,7725,プライム
黒田精工,7726,スタンダード
オーバル,7727,スタンダード
東京精密,7729,プライム
マニー,7730,プライム
ニコン,7731,プライム
オリンパス,7733,プライム
理研計器,7734,プライム
SCREENホールディングス,7735,プライム
タムロン,7740,プライム
HOYA,7741,プライム
シード,7743,スタンダード
ノーリツ鋼機,7744,プライム
A&Dホロンホールディングス,7745,プライム
岡本硝子,7746,スタンダード
朝日インテック,7747,プライム
メディキット,7749,スタンダード
キヤノン,7751,プライム
リコー,7752,プライム
IMV,7760,スタンダード
シチズン時計,7762,プライム
リズム,7769,プライム
日本精密,7771,スタンダード
ジャパン・ティッシュエンジニアリング,7774,グロース
大研医器,7775,スタンダード
セルシード,7776,グロース
スリー・ディー・マトリックス,7777,グロース
CYBERDYNE,7779,グロース
メニコン,7780,プライム
平山ホールディングス,7781,スタンダード
シンシア,7782,スタンダード
ドリームベッド,7791,スタンダード
コラントッテ,7792,グロース
イメージ・マジック,7793,グロース
イーディーピー,7794,グロース
KYORITSU,7795,スタンダード
アミファ,7800,スタンダード
ブシロード,7803,グロース
ビーアンドピー,7804,スタンダード
プリントネット,7805,スタンダード
MTG,7806,グロース
幸和製作所,7807,スタンダード
シー・エス・ランバー,7808,スタンダード
壽屋,7809,スタンダード
クロスフォー,7810,スタンダード
中本パックス,7811,スタンダード
クレステック,7812,スタンダード
プラッツ,7813,スタンダード
日本創発グループ,7814,スタンダード
東京ボード工業,7815,スタンダード
トランザクション,7818,プライム
粧美堂,7819,スタンダード
ニホンフラッシュ,7820,プライム
前田工繊,7821,プライム
永大産業,7822,スタンダード
アートネイチャー,7823,スタンダード
フルヤ金属,7826,プライム
オービス,7827,スタンダード
ウイルコホールディングス,7831,スタンダード
バンダイナムコホールディングス,7832,プライム
アイフィスジャパン,7833,スタンダード
アビックス,7836,スタンダード
アールシーコア,7837,スタンダード
SHOEI,7839,プライム
フランスベッドホールディングス,7840,プライム
遠藤製作所,7841,スタンダード
マーベラス,7844,プライム
パイロットコーポレーション,7846,プライム
グラファイトデザイン,7847,スタンダード
スターツ出版,7849,スタンダード
総合商研,7850,スタンダード
カワセコンピュータサプライ,7851,スタンダード
萩原工業,7856,プライム
セキ,7857,スタンダード
アルメディオ,7859,スタンダード
エイベックス,7860,プライム
平賀,7863,スタンダード
フジシールインターナショナル,7864,プライム
ピープル,7865,スタンダード
タカラトミー,7867,プライム
広済堂ホールディングス,7868,プライム
フクビ化学工業,7871,スタンダード
エステールホールディングス,7872,スタンダード
レック,7874,プライム
竹田iPホールディングス,7875,スタンダード
永大化工,7877,スタンダード
光・彩,7878,スタンダード
ノダ,7879,スタンダード
サンメッセ,7883,スタンダード
タカノ,7885,スタンダード
ヤマト モビリティ & Mfg.,7886,スタンダード
南海プライウッド,7887,スタンダード
三光合成,7888,プライム
プロネクサス,7893,プライム
セブン工業,7896,スタンダード
ホクシン,7897,スタンダード
ウッドワン,7898,スタンダード
マツモト,7901,スタンダード
ソノコム,7902,スタンダード
ヨネックス,7906,スタンダード
きもと,7908,スタンダード
TOPPANホールディングス,7911,プライム
大日本印刷,7912,プライム
共同印刷,7914,プライム
NISSHA,7915,プライム
光村印刷,7916,スタンダード
ZACROS,7917,プライム
ヴィア・ホールディングス,7918,スタンダード
野崎印刷紙業,7919,スタンダード
TAKARA & COMPANY,7921,プライム
ムトー精工,7927,スタンダード
旭化学工業,7928,スタンダード
未来工業,7931,プライム
ニッピ,7932,スタンダード
アシックス,7936,プライム
ツツミ,7937,スタンダード
リーガルコーポレーション,7938,スタンダード
研創,7939,スタンダード
JSP,7942,プライム
ニチハ,7943,プライム
ローランド,7944,プライム
光陽社,7946,スタンダード
エフピコ,7947,プライム
小松ウオール工業,7949,プライム
ヤマハ,7951,プライム
河合楽器製作所,7952,プライム
菊水化学工業,7953,スタンダード
クリナップ,7955,プライム
ピジョン,7956,プライム
フジコピアン,7957,スタンダード
キングジム,7962,プライム
興研,7963,スタンダード
象印マホービン,7965,プライム
リンテック,7966,プライム
信越ポリマー,7970,プライム
東リ,7971,スタンダード
イトーキ,7972,プライム
任天堂,7974,プライム
リヒトラブ,7975,スタンダード
三菱鉛筆,7976,プライム
松風,7979,プライム
重松製作所,7980,スタンダード
タカラスタンダード,7981,プライム
ミロク,7983,スタンダード
コクヨ,7984,プライム
ネポン,7985,スタンダード
日本アイ・エス・ケイ,7986,スタンダード
ナカバヤシ,7987,スタンダード
ニフコ,7988,プライム
立川ブラインド工業,7989,プライム
グローブライド,7990,プライム
マミヤ・オーピー,7991,スタンダード
セーラー万年筆,7992,スタンダード
オカムラ,7994,プライム
バルカー,7995,プライム
くろがね工作所,7997,スタンダード
伊藤忠商事,8001,プライム
丸紅,8002,プライム
スクロール,8005,プライム
ユアサ・フナショク,8006,スタンダード
高島,8007,プライム
ヨンドシーホールディングス,8008,プライム
三陽商会,8011,プライム
長瀬産業,8012,プライム
ナイガイ,8013,スタンダード
蝶理,8014,プライム
豊田通商,8015,プライム
オンワードホールディングス,8016,プライム
三共生興,8018,スタンダード
兼松,8020,プライム
美津濃,8022,プライム
DAIKO XTECH,8023,スタンダード
ツカモトコーポレーション,8025,スタンダード
ルックホールディングス,8029,スタンダード
中央魚類,8030,スタンダード
三井物産,8031,プライム
日本紙パルプ商事,8032,プライム
東京エレクトロン,8035,プライム
カメイ,8037,プライム
築地魚市場,8039,スタンダード
東京ソワール,8040,スタンダード
OUGホールディングス,8041,スタンダード
スターゼン,8043,プライム
横浜丸魚,8045,スタンダード
丸藤シートパイル,8046,スタンダード
セイコーグループ,8050,プライム
山善,8051,プライム
椿本興業,8052,プライム
住友商事,8053,プライム
BIPROGY,8056,プライム
内田洋行,8057,プライム
三菱商事,8058,プライム
第一実業,8059,プライム
キヤノンマーケティングジャパン,8060,プライム
西華産業,8061,プライム
佐藤商事,8065,プライム
三谷商事,8066,スタンダード
東京産業,8070,プライム
YUASA,8074,プライム
神鋼商事,8075,プライム
カノークス,8076,スタンダード
トルク,8077,スタンダード
阪和興業,8078,プライム
正栄食品工業,8079,プライム
カナデン,8081,プライム
RYODEN,8084,プライム
ナラサキ産業,8085,スタンダード
ニプロ,8086,プライム
岩谷産業,8088,プライム
ナイス,8089,スタンダード
ニチモウ,8091,プライム
極東貿易,8093,プライム
アステナホールディングス,8095,プライム
三愛オブリ,8097,プライム
稲畑産業,8098,プライム
GSIクレオス,8101,プライム
明和産業,8103,プライム
クワザワホールディングス,8104,スタンダード
Bitcoin Japan,8105,スタンダード
キムラタン,8107,スタンダード
ゴールドウイン,8111,プライム
ユニ・チャーム,8113,プライム
ムーンバット,8115,スタンダード
中央自動車工業,8117,スタンダード
キング,8118,スタンダード
三栄コーポレーション,8119,スタンダード
川辺,8123,スタンダード
ワキタ,8125,プライム
ヤマトインターナショナル,8127,スタンダード
東邦ホールディングス,8129,プライム
サンゲツ,8130,プライム
ミツウロコグループホールディングス,8131,スタンダード
シナネンホールディングス,8132,プライム
伊藤忠エネクス,8133,プライム
ゼット,8135,スタンダード
サンリオ,8136,プライム
サンワテクノス,8137,プライム
三京化成,8138,スタンダード
ナガホリ,8139,スタンダード
新光商事,8141,プライム
トーホー,8142,プライム
ラピーヌ,8143,スタンダード
デンキョーグループホールディングス,8144,スタンダード
トミタ,8147,スタンダード
三信電気,8150,プライム
東陽テクニカ,8151,プライム
ソマール,8152,スタンダード
モスフードサービス,8153,プライム
加賀電子,8154,プライム
都築電気,8157,プライム
ソーダニッカ,8158,プライム
立花エレテック,8159,プライム
木曽路,8160,プライム
SRSホールディングス,8163,プライム
千趣会,8165,スタンダード
タカキュー,8166,スタンダード
リテールパートナーズ,8167,プライム
Joshin,8173,プライム
日本瓦斯,8174,プライム
ロイヤルホールディングス,8179,プライム
東天紅,8181,スタンダード
チヨダ,8185,プライム
ライフコーポレーション,8194,プライム
マックスバリュ東海,8198,スタンダード
リンガーハット,8200,プライム
ラオックスホールディングス,8202,スタンダード
MrMaxHD,8203,プライム
テンアライド,8207,スタンダード
AOKIホールディングス,8214,プライム
オークワ,8217,プライム
コメリ,8218,プライム
青山商事,8219,プライム
タカチホ,8225,スタンダード
理経,8226,スタンダード
しまむら,8227,プライム
はせがわ,8230,スタンダード
高島屋,8233,プライム
松屋,8237,プライム
エイチ・ツー・オー リテイリング,8242,プライム
近鉄百貨店,8244,スタンダード
大和,8247,スタンダード
丸井グループ,8252,プライム
クレディセゾン,8253,プライム
さいか屋,8254,スタンダード
アクシアル リテイリング,8255,プライム
井筒屋,8260,スタンダード
イオン,8267,プライム
イズミ,8273,プライム
フォーバル,8275,スタンダード
平和堂,8276,プライム
フジ,8278,プライム
ゼビオホールディングス,8281,プライム
ケーズホールディングス,8282,プライム
三谷産業,8285,スタンダード
日産東京販売ホールディングス,8291,スタンダード
SBI新生銀行,8303,プライム
あおぞら銀行,8304,プライム
三菱UFJフィナンシャル・グループ,8306,プライム
りそなホールディングス,8308,プライム
三井住友トラストグループ,8309,プライム
三井住友フィナンシャルグループ,8316,プライム
千葉銀行,8331,プライム
群馬銀行,8334,プライム
武蔵野銀行,8336,プライム
千葉興業銀行,8337,プライム
筑波銀行,8338,プライム
七十七銀行,8341,プライム
秋田銀行,8343,プライム
山形銀行,8344,プライム
岩手銀行,8345,プライム
東邦銀行,8346,プライム
東北銀行,8349,スタンダード
ふくおかフィナンシャルグループ,8354,プライム
スルガ銀行,8358,プライム
八十二長野銀行,8359,プライム
山梨中央銀行,8360,プライム
大垣共立銀行,8361,プライム
福井銀行,8362,プライム
清水銀行,8364,プライム
富山銀行,8365,スタンダード
滋賀銀行,8366,プライム
南都銀行,8367,プライム
百五銀行,8368,プライム
紀陽銀行,8370,プライム
ほくほくフィナンシャルグループ,8377,プライム
山陰合同銀行,8381,プライム
鳥取銀行,8383,スタンダード
百十四銀行,8386,プライム
四国銀行,8387,プライム
阿波銀行,8388,プライム
大分銀行,8392,プライム
宮崎銀行,8393,プライム
佐賀銀行,8395,プライム
琉球銀行,8399,プライム
セブン銀行,8410,プライム
みずほフィナンシャルグループ,8411,プライム
高知銀行,8416,スタンダード
山口フィナンシャルグループ,8418,プライム
芙蓉総合リース,8424,プライム
みずほリース,8425,プライム
東京センチュリー,8439,プライム
SBIホールディングス,8473,プライム
Jトラスト,8508,スタンダード
日本証券金融,8511,プライム
日本アジア投資,8518,スタンダード
名古屋銀行,8522,プライム
北洋銀行,8524,プライム
大光銀行,8537,スタンダード
愛媛銀行,8541,プライム
トマト銀行,8542,スタンダード
京葉銀行,8544,プライム
栃木銀行,8550,プライム
北日本銀行,8551,プライム
東和銀行,8558,プライム
福島銀行,8562,スタンダード
大東銀行,8563,スタンダード
リコーリース,8566,プライム
イオンフィナンシャルサービス,8570,プライム
アコム,8572,スタンダード
ジャックス,8584,プライム
オリエントコーポレーション,8585,プライム
オリックス,8591,プライム
三菱HCキャピタル,8593,プライム
ジャフコ グループ,8595,プライム
九州リースサービス,8596,スタンダード
トモニホールディングス,8600,プライム
大和証券グループ本社,8601,プライム
野村ホールディングス,8604,プライム
岡三証券グループ,8609,プライム
丸三証券,8613,プライム
東洋証券,8614,プライム
東海東京フィナンシャル・ホールディングス,8616,プライム
光世証券,8617,スタンダード
水戸証券,8622,プライム
いちよし証券,8624,プライム
松井証券,8628,プライム
SOMPOホールディングス,8630,プライム
日本取引所グループ,8697,プライム
マネックスグループ,8698,プライム
HSホールディングス,8699,スタンダード
丸八証券,8700,スタンダード
トレイダーズホールディングス,8704,スタンダード
日産証券グループ,8705,スタンダード
極東証券,8706,プライム
岩井コスモホールディングス,8707,プライム
アイザワ証券グループ,8708,プライム
フィデアホールディングス,8713,プライム
池田泉州ホールディングス,8714,プライム
アニコム ホールディングス,8715,プライム
MS&ADインシュアランスグループホールディングス,8725,プライム
ソニーフィナンシャルグループ,8729,プライム
あかつき本社,8737,スタンダード
スパークス・グループ,8739,プライム
小林洋行,8742,スタンダード
unbanked,8746,スタンダード
豊トラスティ証券,8747,スタンダード
第一ライフグループ,8750,プライム
東京海上ホールディングス,8766,プライム
アドバンテッジリスクマネジメント,8769,スタンダード
イー・ギャランティ,8771,プライム
アサックス,8772,スタンダード
abc,8783,スタンダード
フィンテック グローバル,8789,スタンダード
NECキャピタルソリューション,8793,プライム
T&Dホールディングス,8795,プライム
アドバンスクリエイト,8798,プライム
三井不動産,8801,プライム
三菱地所,8802,プライム
平和不動産,8803,プライム
東京建物,8804,プライム
京阪神ビルディング,8818,プライム
住友不動産,8830,プライム
太平洋興発,8835,スタンダード
RISE,8836,スタンダード
テーオーシー,8841,スタンダード
コスモスイニシア,8844,スタンダード
レオパレス21,8848,プライム
スターツコーポレーション,8850,プライム
フジ住宅,8860,プライム
空港施設,8864,スタンダード
明和地所,8869,スタンダード
ゴールドクレスト,8871,スタンダード
リログループ,8876,プライム
エスリード,8877,プライム
日神グループホールディングス,8881,プライム
シーラホールディングス,8887,スタンダード
AMGホールディングス,8891,スタンダード
エスコン,8892,プライム
REVOLUTION,8894,スタンダード
MIRARTHホールディングス,8897,プライム
センチュリー21・ジャパン,8898,スタンダード
AVANTIA,8904,スタンダード
毎日コムネット,8908,スタンダード
エリアクエスト,8912,スタンダード
エリアリンク,8914,スタンダード
ファースト住建,8917,スタンダード
ランド,8918,スタンダード
カチタス,8919,プライム
東祥,8920,スタンダード
トーセイ,8923,プライム
明豊エンタープライズ,8927,スタンダード
穴吹興産,8928,スタンダード
青山財産ネットワークス,8929,スタンダード
和田興産,8931,スタンダード
サンフロンティア不動産,8934,プライム
FJネクストホールディングス,8935,プライム
グローム・ホールディングス,8938,グロース
ランドビジネス,8944,スタンダード
サンネクスタグループ,8945,スタンダード
ASIAN STAR,8946,スタンダード
誠建設工業,8995,スタンダード
ハウスフリーダム,8996,スタンダード
グランディハウス,8999,プライム
東武鉄道,9001,プライム
相鉄ホールディングス,9003,プライム
東急,9005,プライム
京浜急行電鉄,9006,プライム
小田急電鉄,9007,プライム
京王電鉄,9008,プライム
京成電鉄,9009,プライム
富士急行,9010,プライム
秩父鉄道,9012,スタンダード
新潟交通,9017,スタンダード
東日本旅客鉄道,9020,プライム
西日本旅客鉄道,9021,プライム
東海旅客鉄道,9022,プライム
東京地下鉄,9023,プライム
西武ホールディングス,9024,プライム
鴻池運輸,9025,プライム
ゼロ,9028,スタンダード
ヒガシホールディングス,9029,スタンダード
西日本鉄道,9031,プライム
広島電鉄,9033,スタンダード
南総通運,9034,スタンダード
東部ネットワーク,9036,スタンダード
ハマキョウレックス,9037,プライム
サカイ引越センター,9039,プライム
近鉄グループホールディングス,9041,プライム
阪急阪神ホールディングス,9042,プライム
NANKAI,9044,プライム
京阪ホールディングス,9045,プライム
神戸電鉄,9046,スタンダード
名古屋鉄道,9048,プライム
京福電気鉄道,9049,スタンダード
センコン物流,9051,スタンダード
山陽電気鉄道,9052,プライム
遠州トラック,9057,スタンダード
カンダホールディングス,9059,スタンダード
日本ロジテム,9060,スタンダード
岡山県貨物運送,9063,スタンダード
ヤマトホールディングス,9064,プライム
山九,9065,プライム
丸全昭和運輸,9068,プライム
センコーグループホールディングス,9069,プライム
ニッコンホールディングス,9072,プライム
京極運輸商事,9073,スタンダード
日本石油輸送,9074,スタンダード
福山通運,9075,プライム
セイノーホールディングス,9076,プライム
神奈川中央交通,9081,プライム
大和自動車交通,9082,スタンダード
神姫バス,9083,スタンダード
タカセ,9087,スタンダード
AZ-COM丸和ホールディングス,9090,プライム
日本郵船,9101,プライム
商船三井,9104,プライム
川崎汽船,9107,プライム
NSユナイテッド海運,9110,プライム
明海グループ,9115,スタンダード
飯野海運,9119,プライム
玉井商船,9127,スタンダード
共栄タンカー,9130,スタンダード
九州旅客鉄道,9142,プライム
SGホールディングス,9143,プライム
ビーイングホールディングス,9145,スタンダード
NIPPON EXPRESSホールディングス,9147,プライム
シーユーシー,9158,グロース
W TOKYO,9159,グロース
オンザページ,9160,スタンダード
ブリーチ,9162,グロース
ナレルグループ,9163,グロース
クオルテック,9165,グロース
GENDA,9166,グロース
ライズ・コンサルティング・グループ,9168,グロース
栗林商船,9171,スタンダード
東海汽船,9173,スタンダード
東京汽船,9193,スタンダード
日本航空,9201,プライム
日本航空株式会社第1回社債型種類株式,92015,プライム
ANAホールディングス,9202,プライム
ANAホールディングス第1回社債型種類株式,92025,プライム
スカイマーク,9204,グロース
スターフライヤー,9206,スタンダード
エフ・コード,9211,グロース
Green Earth Institute,9212,グロース
セイファート,9213,スタンダード
Recovery International,9214,グロース
CaSy,9215,グロース
ビーウィズ,9216,プライム
メンタルヘルステクノロジーズ,9218,グロース
ギックス,9219,グロース
エフビー介護サービス,9220,スタンダード
フルハシEPO,9221,スタンダード
ASNOVA,9223,グロース
ブリッジコンサルティンググループ,9225,グロース
マイクロ波化学,9227,グロース
サンウェルズ,9229,プライム
アジア航測,9233,スタンダード
売れるネット広告社グループ,9235,グロース
ジャパンM&Aソリューション,9236,グロース
笑美面,9237,グロース
バリュークリエーション,9238,グロース
デリバリーコンサルティング,9240,グロース
フューチャーリンクネットワーク,9241,グロース
メディア総研,9242,グロース
デジタリフト,9244,グロース
リベロ,9245,グロース
プロジェクトホールディングス,9246,グロース
TREホールディングス,9247,プライム
人・夢・技術グループ,9248,スタンダード
日本エコシステム,9249,スタンダード
GRCS,9250,グロース
AB&Company,9251,グロース
ラストワンマイル,9252,グロース
スローガン,9253,グロース
ラバブルマーケティンググループ,9254,グロース
サクシード,9256,グロース
YCPホールディングス(グローバル)リミテッド JDR,9257,グロース（外国株式）
CS-C,9258,グロース
タカヨシホールディングス,9259,グロース
シルバーライフ,9262,スタンダード
ポエック,9264,スタンダード
ヤマシタヘルスケアホールディングス,9265,スタンダード
Genky DrugStores,9267,プライム
オプティマスグループ,9268,スタンダード
バリュエンスホールディングス,9270,グロース
和心,9271,グロース
ブティックス,9272,グロース
コーア商事ホールディングス,9273,プライム
KPPグループホールディングス,9274,プライム
ブックオフグループホールディングス,9278,プライム
ギフトホールディングス,9279,プライム
三菱倉庫,9301,プライム
三井倉庫ホールディングス,9302,プライム
住友倉庫,9303,プライム
澁澤倉庫,9304,プライム
ヤマタネ,9305,プライム
東陽倉庫,9306,スタンダード
杉村倉庫,9307,スタンダード
乾汽船,9308,スタンダード
日本トランスシティ,9310,プライム
アサガミ,9311,スタンダード
ケイヒン,9312,スタンダード
丸八倉庫,9313,スタンダード
中央倉庫,9319,プライム
川西倉庫,9322,スタンダード
安田倉庫,9324,プライム
ファイズホールディングス,9325,スタンダード
関通ホールディングス,9326,グロース
イー・ロジット,9327,スタンダード
揚羽,9330,グロース
キャスター,9331,グロース
NISSOホールディングス,9332,プライム
大栄環境,9336,プライム
トリドリ,9337,グロース
コーチ・エィ,9339,スタンダード
アソインターナショナル,9340,スタンダード
GENOVA,9341,プライム
スマサポ,9342,グロース
アイビス,9343,グロース
アクシスコンサルティング,9344,グロース
ビズメイツ,9345,グロース
ココルポート,9346,グロース
日本管財ホールディングス,9347,プライム
ispace,9348,グロース
東洋埠頭,9351,スタンダード
櫻島埠頭,9353,スタンダード
リンコーコーポレーション,9355,スタンダード
鈴与シンワート,9360,スタンダード
伏木海陸運送,9361,スタンダード
兵機海運,9362,スタンダード
大運,9363,スタンダード
上組,9364,プライム
トレーディア,9365,スタンダード
サンリツ,9366,スタンダード
大東港運,9367,スタンダード
キムラユニティー,9368,スタンダード
キユーソー流通システム,9369,スタンダード
ユーラシア旅行社,9376,スタンダード
東海運,9380,スタンダード
エーアイテイー,9381,プライム
ショーエイコーポレーション,9385,スタンダード
ビート・ホールディングス・リミテッド,9399,スタンダード（外国株式）
TBSホールディングス,9401,プライム
日本テレビホールディングス,9404,プライム
朝日放送グループホールディングス,9405,プライム
BSNメディアホールディングス,9408,スタンダード
テレビ朝日ホールディングス,9409,プライム
スカパーJSAT,9412,プライム
テレビ東京ホールディングス,9413,プライム
日本BS放送,9414,スタンダード
ビジョン,9416,プライム
スマートバリュー,9417,スタンダード
U-NEXT HOLDINGS,9418,プライム
ワイヤレスゲート,9419,スタンダード
エヌジェイホールディングス,9421,スタンダード
フォーバル・リアルストレート,9423,スタンダード
日本通信,9424,プライム
ReYuu Japan,9425,スタンダード
クロップス,9428,スタンダード
NTT,9432,プライム
KDDI,9433,プライム
ソフトバンク,9434,プライム
ソフトバンク第1回社債型種類株式,94345,プライム
ソフトバンク第2回社債型種類株式,94346,プライム
光通信,9435,プライム
沖縄セルラー電話,9436,スタンダード
エムティーアイ,9438,プライム
エム・エイチ・グループ,9439,スタンダード
ベルパーク,9441,スタンダード
トーシンホールディングス,9444,スタンダード
フォーバルテレコム,9445,スタンダード
サカイホールディングス,9446,スタンダード
GMOインターネットグループ,9449,プライム
ファイバーゲート,9450,スタンダード
アイドママーケティングコミュニケーション,9466,スタンダード
アルファポリス,9467,グロース
KADOKAWA,9468,プライム
学研ホールディングス,9470,プライム
ゼンリン,9474,プライム
昭文社ホールディングス,9475,スタンダード
中央経済社ホールディングス,9476,スタンダード
SEホールディングス・アンド・インキュベーションズ,9478,スタンダード
東京電力ホールディングス,9501,プライム
中部電力,9502,プライム
関西電力,9503,プライム
中国電力,9504,プライム
北陸電力,9505,プライム
東北電力,9506,プライム
四国電力,9507,プライム
九州電力,9508,プライム
北海道電力,9509,プライム
沖縄電力,9511,プライム
電源開発,9513,プライム
エフオン,9514,スタンダード
イーレックス,9517,プライム
レノバ,9519,プライム
東京瓦斯,9531,プライム
大阪瓦斯,9532,プライム
東邦瓦斯,9533,プライム
北海道瓦斯,9534,プライム
広島ガス,9535,プライム
西部ガスホールディングス,9536,プライム
北陸瓦斯,9537,スタンダード
京葉瓦斯,9539,スタンダード
静岡ガス,9543,プライム
メタウォーター,9551,プライム
クオンツ総研ホールディングス,9552,プライム
マイクロアド,9553,グロース
AViC,9554,グロース
INTLOOP,9556,グロース
エアークローゼット,9557,グロース
ジャパニアス,9558,グロース
プログリット,9560,グロース
グラッドキューブ,9561,グロース
ビジネスコーチ,9562,グロース
Atlas Technologies,9563,グロース
FCE,9564,スタンダード
GLOE,9565,グロース
松竹,9601,プライム
東宝,9602,プライム
エイチ・アイ・エス,9603,プライム
東映,9605,プライム
ウィルソン・ラーニング ワールドワイド,9610,スタンダード
ラックランド,9612,プライム
共立メンテナンス,9616,プライム
イチネンホールディングス,9619,プライム
建設技術研究所,9621,プライム
スペース,9622,プライム
セレスポ,9625,スタンダード
アインホールディングス,9627,プライム
燦ホールディングス,9628,プライム
ピー・シー・エー,9629,プライム
スバル興業,9632,スタンダード
東京テアトル,9633,スタンダード
武蔵野興業,9635,スタンダード
きんえい,9636,スタンダード
三協フロンテア,9639,スタンダード
セゾンテクノロジー,9640,スタンダード
タナベコンサルティンググループ,9644,プライム
協和コンサルタンツ,9647,スタンダード
日本プロセス,9651,スタンダード
グリーンランドリゾート,9656,スタンダード
ビジネスブレイン太田昭和,9658,プライム
歌舞伎座,9661,スタンダード
ナガワ,9663,プライム
東京都競馬,9672,プライム
カナモト,9678,プライム
ホウライ,9679,スタンダード
DTS,9682,プライム
スクウェア・エニックス・ホールディングス,9684,プライム
KYCOMホールディングス,9685,スタンダード
東洋テック,9686,スタンダード
KSK,9687,スタンダード
両毛システムズ,9691,スタンダード
シーイーシー,9692,プライム
カプコン,9697,プライム
クレオ,9698,スタンダード
ニシオホールディングス,9699,プライム
東京會舘,9701,スタンダード
アイ・エス・ビー,9702,プライム
アゴーラ ホスピタリティー グループ,9704,スタンダード
日本空港ビルデング,9706,プライム
帝国ホテル,9708,スタンダード
NCS&A,9709,スタンダード
ロイヤルホテル,9713,スタンダード
トランス・コスモス,9715,プライム
乃村工藝社,9716,プライム
ホテル、ニューグランド,9720,スタンダード
藤田観光,9722,プライム
京都ホテル,9723,スタンダード
KNT-CTホールディングス,9726,スタンダード
トーカイ,9729,プライム
白洋舎,9731,スタンダード
ナガセ,9733,スタンダード
セコム,9735,プライム
NSW,9739,プライム
セントラル警備保障,9740,プライム
アイネス,9742,プライム
丹青社,9743,プライム
メイテックグループホールディングス,9744,プライム
TKC,9746,プライム
アイエックス・ナレッジ,9753,スタンダード
応用地質,9755,プライム
船井総研ホールディングス,9757,プライム
NSD,9759,プライム
進学会ホールディングス,9760,スタンダード
東海リース,9761,スタンダード
丸建リース,9763,スタンダード
オオバ,9765,プライム
コナミグループ,9766,プライム
日建工学,9767,スタンダード
いであ,9768,スタンダード
学究社,9769,プライム
昴,9778,スタンダード
ハリマビステム,9780,スタンダード
ディーエムエス,9782,スタンダード
ナック,9788,プライム
福井コンピュータホールディングス,9790,プライム
ビケンテクノ,9791,スタンダード
ダイセキ,9793,プライム
ステップ,9795,プライム
旭情報サービス,9799,スタンダード
テーオーホールディングス,9812,スタンダード
ストライダーズ,9816,スタンダード
大丸エナウィン,9818,スタンダード
エムティジェネックス,9820,スタンダード
マミーマートホールディングス,9823,スタンダード
泉州電業,9824,プライム
リリカラ,9827,スタンダード
Genki Global Dining Concepts,9828,スタンダード
トラスコ中山,9830,プライム
ヤマダホールディングス,9831,プライム
オートバックスセブン,9832,プライム
ジュンテンドー,9835,スタンダード
モリト,9837,プライム
アークランズ,9842,プライム
ニトリホールディングス,9843,プライム
パーカーコーポレーション,9845,スタンダード
天満屋ストア,9846,スタンダード
共同紙販ホールディングス,9849,スタンダード
グルメ杵屋,9850,プライム
銀座ルノアール,9853,スタンダード
愛眼,9854,スタンダード
ケーユーホールディングス,9856,スタンダード
英和,9857,スタンダード
吉野家ホールディングス,9861,プライム
ソレキア,9867,スタンダード
加藤産業,9869,プライム
北恵,9872,スタンダード
コックス,9876,スタンダード
セキド,9878,スタンダード
イノテック,9880,プライム
イエローハット,9882,プライム
シャルレ,9885,スタンダード
松屋フーズホールディングス,9887,プライム
UEX,9888,スタンダード
JBCCホールディングス,9889,プライム
マキヤ,9890,スタンダード
コンセック,9895,スタンダード
JKホールディングス,9896,スタンダード
サガミホールディングス,9900,プライム
日伝,9902,プライム
カンセキ,9903,スタンダード
ベリテ,9904,スタンダード
藤井産業,9906,スタンダード
日本電計,9908,スタンダード
日邦産業,9913,スタンダード
植松商会,9914,スタンダード
ミロク情報サービス,9928,プライム
平和紙業,9929,スタンダード
北沢産業,9930,スタンダード
杉本商事,9932,プライム
因幡電機産業,9934,プライム
王将フードサービス,9936,プライム
太洋物産,9941,スタンダード
ミニストップ,9946,プライム
アークス,9948,プライム
ハチバン,9950,スタンダード
ヨンキュウ,9955,スタンダード
バローホールディングス,9956,プライム
アシードホールディングス,9959,スタンダード
東テク,9960,プライム
ミスミグループ本社,9962,プライム
ショクブン,9969,スタンダード
アルテック,9972,スタンダード
KOZOホールディングス,9973,スタンダード
ベルク,9974,プライム
セキチュー,9976,スタンダード
文教堂グループホールディングス,9978,スタンダード
大庄,9979,スタンダード
MRKホールディングス,9980,スタンダード
タキヒヨー,9982,スタンダード
ファーストリテイリング,9983,プライム
ソフトバンクグループ,9984,プライム
蔵王産業,9986,スタンダード
スズケン,9987,プライム
サンドラッグ,9989,プライム
サックスバー ホールディングス,9990,プライム
ジェコス,9991,プライム
ヤマザワ,9993,スタンダード
やまや,9994,スタンダード
サトー商会,9996,スタンダード
ベルーナ,9997,プライム
